;img_path;mask_path;mode;weight
V0336;C:\Users\Prinzessin\projects\image_data\iChallenge_AMD_OD_Fovea_lesions\ADAM_400_testset\V0336.jpg;;train;0
V0074;C:\Users\Prinzessin\projects\image_data\iChallenge_AMD_OD_Fovea_lesions\ADAM_400_testset\V0074.jpg;;train;0
V0254;C:\Users\Prinzessin\projects\image_data\iChallenge_AMD_OD_Fovea_lesions\ADAM_400_testset\V0254.jpg;;train;0
V0075;C:\Users\Prinzessin\projects\image_data\iChallenge_AMD_OD_Fovea_lesions\ADAM_400_testset\V0075.jpg;;train;0
V0184;C:\Users\Prinzessin\projects\image_data\iChallenge_AMD_OD_Fovea_lesions\ADAM_400_testset\V0184.jpg;;train;0
V0047;C:\Users\Prinzessin\projects\image_data\iChallenge_AMD_OD_Fovea_lesions\ADAM_400_testset\V0047.jpg;;train;0
V0098;C:\Users\Prinzessin\projects\image_data\iChallenge_AMD_OD_Fovea_lesions\ADAM_400_testset\V0098.jpg;;train;0
V0319;C:\Users\Prinzessin\projects\image_data\iChallenge_AMD_OD_Fovea_lesions\ADAM_400_testset\V0319.jpg;;train;0
V0050;C:\Users\Prinzessin\projects\image_data\iChallenge_AMD_OD_Fovea_lesions\ADAM_400_testset\V0050.jpg;;train;0
V0213;C:\Users\Prinzessin\projects\image_data\iChallenge_AMD_OD_Fovea_lesions\ADAM_400_testset\V0213.jpg;;train;0
V0109;C:\Users\Prinzessin\projects\image_data\iChallenge_AMD_OD_Fovea_lesions\ADAM_400_testset\V0109.jpg;;train;0
V0287;C:\Users\Prinzessin\projects\image_data\iChallenge_AMD_OD_Fovea_lesions\ADAM_400_testset\V0287.jpg;;train;0
V0133;C:\Users\Prinzessin\projects\image_data\iChallenge_AMD_OD_Fovea_lesions\ADAM_400_testset\V0133.jpg;;train;0
V0295;C:\Users\Prinzessin\projects\image_data\iChallenge_AMD_OD_Fovea_lesions\ADAM_400_testset\V0295.jpg;;train;0
V0065;C:\Users\Prinzessin\projects\image_data\iChallenge_AMD_OD_Fovea_lesions\ADAM_400_testset\V0065.jpg;;train;0
V0360;C:\Users\Prinzessin\projects\image_data\iChallenge_AMD_OD_Fovea_lesions\ADAM_400_testset\V0360.jpg;;train;0
V0357;C:\Users\Prinzessin\projects\image_data\iChallenge_AMD_OD_Fovea_lesions\ADAM_400_testset\V0357.jpg;;train;0
V0356;C:\Users\Prinzessin\projects\image_data\iChallenge_AMD_OD_Fovea_lesions\ADAM_400_testset\V0356.jpg;;train;0
V0102;C:\Users\Prinzessin\projects\image_data\iChallenge_AMD_OD_Fovea_lesions\ADAM_400_testset\V0102.jpg;;train;0
V0150;C:\Users\Prinzessin\projects\image_data\iChallenge_AMD_OD_Fovea_lesions\ADAM_400_testset\V0150.jpg;;train;0
V0311;C:\Users\Prinzessin\projects\image_data\iChallenge_AMD_OD_Fovea_lesions\ADAM_400_testset\V0311.jpg;;train;0
V0260;C:\Users\Prinzessin\projects\image_data\iChallenge_AMD_OD_Fovea_lesions\ADAM_400_testset\V0260.jpg;;train;0
V0219;C:\Users\Prinzessin\projects\image_data\iChallenge_AMD_OD_Fovea_lesions\ADAM_400_testset\V0219.jpg;;train;0
V0198;C:\Users\Prinzessin\projects\image_data\iChallenge_AMD_OD_Fovea_lesions\ADAM_400_testset\V0198.jpg;;train;0
V0059;C:\Users\Prinzessin\projects\image_data\iChallenge_AMD_OD_Fovea_lesions\ADAM_400_testset\V0059.jpg;;train;0
V0209;C:\Users\Prinzessin\projects\image_data\iChallenge_AMD_OD_Fovea_lesions\ADAM_400_testset\V0209.jpg;;train;0
V0201;C:\Users\Prinzessin\projects\image_data\iChallenge_AMD_OD_Fovea_lesions\ADAM_400_testset\V0201.jpg;;train;0
V0029;C:\Users\Prinzessin\projects\image_data\iChallenge_AMD_OD_Fovea_lesions\ADAM_400_testset\V0029.jpg;;train;0
V0170;C:\Users\Prinzessin\projects\image_data\iChallenge_AMD_OD_Fovea_lesions\ADAM_400_testset\V0170.jpg;;train;0
V0210;C:\Users\Prinzessin\projects\image_data\iChallenge_AMD_OD_Fovea_lesions\ADAM_400_testset\V0210.jpg;;train;0
V0005;C:\Users\Prinzessin\projects\image_data\iChallenge_AMD_OD_Fovea_lesions\ADAM_400_testset\V0005.jpg;;train;0
V0004;C:\Users\Prinzessin\projects\image_data\iChallenge_AMD_OD_Fovea_lesions\ADAM_400_testset\V0004.jpg;;train;0
V0092;C:\Users\Prinzessin\projects\image_data\iChallenge_AMD_OD_Fovea_lesions\ADAM_400_testset\V0092.jpg;;train;0
V0159;C:\Users\Prinzessin\projects\image_data\iChallenge_AMD_OD_Fovea_lesions\ADAM_400_testset\V0159.jpg;;train;0
V0177;C:\Users\Prinzessin\projects\image_data\iChallenge_AMD_OD_Fovea_lesions\ADAM_400_testset\V0177.jpg;;train;0
V0189;C:\Users\Prinzessin\projects\image_data\iChallenge_AMD_OD_Fovea_lesions\ADAM_400_testset\V0189.jpg;;train;0
V0392;C:\Users\Prinzessin\projects\image_data\iChallenge_AMD_OD_Fovea_lesions\ADAM_400_testset\V0392.jpg;;train;0
V0389;C:\Users\Prinzessin\projects\image_data\iChallenge_AMD_OD_Fovea_lesions\ADAM_400_testset\V0389.jpg;;train;0
V0300;C:\Users\Prinzessin\projects\image_data\iChallenge_AMD_OD_Fovea_lesions\ADAM_400_testset\V0300.jpg;;train;0
V0015;C:\Users\Prinzessin\projects\image_data\iChallenge_AMD_OD_Fovea_lesions\ADAM_400_testset\V0015.jpg;;train;0
V0001;C:\Users\Prinzessin\projects\image_data\iChallenge_AMD_OD_Fovea_lesions\ADAM_400_testset\V0001.jpg;;train;0
V0085;C:\Users\Prinzessin\projects\image_data\iChallenge_AMD_OD_Fovea_lesions\ADAM_400_testset\V0085.jpg;;train;0
V0234;C:\Users\Prinzessin\projects\image_data\iChallenge_AMD_OD_Fovea_lesions\ADAM_400_testset\V0234.jpg;;train;0
V0376;C:\Users\Prinzessin\projects\image_data\iChallenge_AMD_OD_Fovea_lesions\ADAM_400_testset\V0376.jpg;;train;0
V0368;C:\Users\Prinzessin\projects\image_data\iChallenge_AMD_OD_Fovea_lesions\ADAM_400_testset\V0368.jpg;;train;0
V0149;C:\Users\Prinzessin\projects\image_data\iChallenge_AMD_OD_Fovea_lesions\ADAM_400_testset\V0149.jpg;;train;0
V0345;C:\Users\Prinzessin\projects\image_data\iChallenge_AMD_OD_Fovea_lesions\ADAM_400_testset\V0345.jpg;;train;0
V0341;C:\Users\Prinzessin\projects\image_data\iChallenge_AMD_OD_Fovea_lesions\ADAM_400_testset\V0341.jpg;;train;0
V0398;C:\Users\Prinzessin\projects\image_data\iChallenge_AMD_OD_Fovea_lesions\ADAM_400_testset\V0398.jpg;;train;0
V0154;C:\Users\Prinzessin\projects\image_data\iChallenge_AMD_OD_Fovea_lesions\ADAM_400_testset\V0154.jpg;;train;0
V0217;C:\Users\Prinzessin\projects\image_data\iChallenge_AMD_OD_Fovea_lesions\ADAM_400_testset\V0217.jpg;;train;0
V0269;C:\Users\Prinzessin\projects\image_data\iChallenge_AMD_OD_Fovea_lesions\ADAM_400_testset\V0269.jpg;;train;0
V0379;C:\Users\Prinzessin\projects\image_data\iChallenge_AMD_OD_Fovea_lesions\ADAM_400_testset\V0379.jpg;;train;0
V0353;C:\Users\Prinzessin\projects\image_data\iChallenge_AMD_OD_Fovea_lesions\ADAM_400_testset\V0353.jpg;;train;0
V0058;C:\Users\Prinzessin\projects\image_data\iChallenge_AMD_OD_Fovea_lesions\ADAM_400_testset\V0058.jpg;;train;0
V0067;C:\Users\Prinzessin\projects\image_data\iChallenge_AMD_OD_Fovea_lesions\ADAM_400_testset\V0067.jpg;;train;0
V0317;C:\Users\Prinzessin\projects\image_data\iChallenge_AMD_OD_Fovea_lesions\ADAM_400_testset\V0317.jpg;;train;0
V0041;C:\Users\Prinzessin\projects\image_data\iChallenge_AMD_OD_Fovea_lesions\ADAM_400_testset\V0041.jpg;;train;0
V0113;C:\Users\Prinzessin\projects\image_data\iChallenge_AMD_OD_Fovea_lesions\ADAM_400_testset\V0113.jpg;;train;0
V0332;C:\Users\Prinzessin\projects\image_data\iChallenge_AMD_OD_Fovea_lesions\ADAM_400_testset\V0332.jpg;;train;0
V0321;C:\Users\Prinzessin\projects\image_data\iChallenge_AMD_OD_Fovea_lesions\ADAM_400_testset\V0321.jpg;;train;0
V0037;C:\Users\Prinzessin\projects\image_data\iChallenge_AMD_OD_Fovea_lesions\ADAM_400_testset\V0037.jpg;;train;0
V0294;C:\Users\Prinzessin\projects\image_data\iChallenge_AMD_OD_Fovea_lesions\ADAM_400_testset\V0294.jpg;;train;0
V0284;C:\Users\Prinzessin\projects\image_data\iChallenge_AMD_OD_Fovea_lesions\ADAM_400_testset\V0284.jpg;;train;0
V0062;C:\Users\Prinzessin\projects\image_data\iChallenge_AMD_OD_Fovea_lesions\ADAM_400_testset\V0062.jpg;;train;0
V0307;C:\Users\Prinzessin\projects\image_data\iChallenge_AMD_OD_Fovea_lesions\ADAM_400_testset\V0307.jpg;;train;0
V0247;C:\Users\Prinzessin\projects\image_data\iChallenge_AMD_OD_Fovea_lesions\ADAM_400_testset\V0247.jpg;;train;0
V0091;C:\Users\Prinzessin\projects\image_data\iChallenge_AMD_OD_Fovea_lesions\ADAM_400_testset\V0091.jpg;;train;0
V0077;C:\Users\Prinzessin\projects\image_data\iChallenge_AMD_OD_Fovea_lesions\ADAM_400_testset\V0077.jpg;;train;0
V0314;C:\Users\Prinzessin\projects\image_data\iChallenge_AMD_OD_Fovea_lesions\ADAM_400_testset\V0314.jpg;;train;0
V0052;C:\Users\Prinzessin\projects\image_data\iChallenge_AMD_OD_Fovea_lesions\ADAM_400_testset\V0052.jpg;;train;0
V0105;C:\Users\Prinzessin\projects\image_data\iChallenge_AMD_OD_Fovea_lesions\ADAM_400_testset\V0105.jpg;;train;0
V0020;C:\Users\Prinzessin\projects\image_data\iChallenge_AMD_OD_Fovea_lesions\ADAM_400_testset\V0020.jpg;;train;0
V0080;C:\Users\Prinzessin\projects\image_data\iChallenge_AMD_OD_Fovea_lesions\ADAM_400_testset\V0080.jpg;;train;0
V0313;C:\Users\Prinzessin\projects\image_data\iChallenge_AMD_OD_Fovea_lesions\ADAM_400_testset\V0313.jpg;;train;0
V0371;C:\Users\Prinzessin\projects\image_data\iChallenge_AMD_OD_Fovea_lesions\ADAM_400_testset\V0371.jpg;;train;0
V0286;C:\Users\Prinzessin\projects\image_data\iChallenge_AMD_OD_Fovea_lesions\ADAM_400_testset\V0286.jpg;;train;0
V0026;C:\Users\Prinzessin\projects\image_data\iChallenge_AMD_OD_Fovea_lesions\ADAM_400_testset\V0026.jpg;;train;0
V0165;C:\Users\Prinzessin\projects\image_data\iChallenge_AMD_OD_Fovea_lesions\ADAM_400_testset\V0165.jpg;;train;0
V0179;C:\Users\Prinzessin\projects\image_data\iChallenge_AMD_OD_Fovea_lesions\ADAM_400_testset\V0179.jpg;;train;0
V0068;C:\Users\Prinzessin\projects\image_data\iChallenge_AMD_OD_Fovea_lesions\ADAM_400_testset\V0068.jpg;;train;0
V0224;C:\Users\Prinzessin\projects\image_data\iChallenge_AMD_OD_Fovea_lesions\ADAM_400_testset\V0224.jpg;;train;0
V0093;C:\Users\Prinzessin\projects\image_data\iChallenge_AMD_OD_Fovea_lesions\ADAM_400_testset\V0093.jpg;;train;0
V0096;C:\Users\Prinzessin\projects\image_data\iChallenge_AMD_OD_Fovea_lesions\ADAM_400_testset\V0096.jpg;;train;0
V0186;C:\Users\Prinzessin\projects\image_data\iChallenge_AMD_OD_Fovea_lesions\ADAM_400_testset\V0186.jpg;;train;0
V0011;C:\Users\Prinzessin\projects\image_data\iChallenge_AMD_OD_Fovea_lesions\ADAM_400_testset\V0011.jpg;;train;0
V0359;C:\Users\Prinzessin\projects\image_data\iChallenge_AMD_OD_Fovea_lesions\ADAM_400_testset\V0359.jpg;;train;0
V0239;C:\Users\Prinzessin\projects\image_data\iChallenge_AMD_OD_Fovea_lesions\ADAM_400_testset\V0239.jpg;;train;0
V0173;C:\Users\Prinzessin\projects\image_data\iChallenge_AMD_OD_Fovea_lesions\ADAM_400_testset\V0173.jpg;;train;0
V0229;C:\Users\Prinzessin\projects\image_data\iChallenge_AMD_OD_Fovea_lesions\ADAM_400_testset\V0229.jpg;;train;0
V0281;C:\Users\Prinzessin\projects\image_data\iChallenge_AMD_OD_Fovea_lesions\ADAM_400_testset\V0281.jpg;;train;0
V0226;C:\Users\Prinzessin\projects\image_data\iChallenge_AMD_OD_Fovea_lesions\ADAM_400_testset\V0226.jpg;;train;0
V0120;C:\Users\Prinzessin\projects\image_data\iChallenge_AMD_OD_Fovea_lesions\ADAM_400_testset\V0120.jpg;;train;0
V0382;C:\Users\Prinzessin\projects\image_data\iChallenge_AMD_OD_Fovea_lesions\ADAM_400_testset\V0382.jpg;;train;0
V0022;C:\Users\Prinzessin\projects\image_data\iChallenge_AMD_OD_Fovea_lesions\ADAM_400_testset\V0022.jpg;;train;0
V0280;C:\Users\Prinzessin\projects\image_data\iChallenge_AMD_OD_Fovea_lesions\ADAM_400_testset\V0280.jpg;;train;0
V0400;C:\Users\Prinzessin\projects\image_data\iChallenge_AMD_OD_Fovea_lesions\ADAM_400_testset\V0400.jpg;;train;0
V0303;C:\Users\Prinzessin\projects\image_data\iChallenge_AMD_OD_Fovea_lesions\ADAM_400_testset\V0303.jpg;;train;0
V0390;C:\Users\Prinzessin\projects\image_data\iChallenge_AMD_OD_Fovea_lesions\ADAM_400_testset\V0390.jpg;;train;0
V0178;C:\Users\Prinzessin\projects\image_data\iChallenge_AMD_OD_Fovea_lesions\ADAM_400_testset\V0178.jpg;;train;0
V0333;C:\Users\Prinzessin\projects\image_data\iChallenge_AMD_OD_Fovea_lesions\ADAM_400_testset\V0333.jpg;;train;0
V0264;C:\Users\Prinzessin\projects\image_data\iChallenge_AMD_OD_Fovea_lesions\ADAM_400_testset\V0264.jpg;;train;0
V0055;C:\Users\Prinzessin\projects\image_data\iChallenge_AMD_OD_Fovea_lesions\ADAM_400_testset\V0055.jpg;;train;0
V0265;C:\Users\Prinzessin\projects\image_data\iChallenge_AMD_OD_Fovea_lesions\ADAM_400_testset\V0265.jpg;;train;0
V0354;C:\Users\Prinzessin\projects\image_data\iChallenge_AMD_OD_Fovea_lesions\ADAM_400_testset\V0354.jpg;;train;0
V0322;C:\Users\Prinzessin\projects\image_data\iChallenge_AMD_OD_Fovea_lesions\ADAM_400_testset\V0322.jpg;;train;0
V0117;C:\Users\Prinzessin\projects\image_data\iChallenge_AMD_OD_Fovea_lesions\ADAM_400_testset\V0117.jpg;;train;0
V0297;C:\Users\Prinzessin\projects\image_data\iChallenge_AMD_OD_Fovea_lesions\ADAM_400_testset\V0297.jpg;;train;0
V0308;C:\Users\Prinzessin\projects\image_data\iChallenge_AMD_OD_Fovea_lesions\ADAM_400_testset\V0308.jpg;;train;0
V0366;C:\Users\Prinzessin\projects\image_data\iChallenge_AMD_OD_Fovea_lesions\ADAM_400_testset\V0366.jpg;;train;0
V0256;C:\Users\Prinzessin\projects\image_data\iChallenge_AMD_OD_Fovea_lesions\ADAM_400_testset\V0256.jpg;;train;0
V0066;C:\Users\Prinzessin\projects\image_data\iChallenge_AMD_OD_Fovea_lesions\ADAM_400_testset\V0066.jpg;;train;0
V0251;C:\Users\Prinzessin\projects\image_data\iChallenge_AMD_OD_Fovea_lesions\ADAM_400_testset\V0251.jpg;;train;0
V0266;C:\Users\Prinzessin\projects\image_data\iChallenge_AMD_OD_Fovea_lesions\ADAM_400_testset\V0266.jpg;;train;0
V0301;C:\Users\Prinzessin\projects\image_data\iChallenge_AMD_OD_Fovea_lesions\ADAM_400_testset\V0301.jpg;;train;0
V0261;C:\Users\Prinzessin\projects\image_data\iChallenge_AMD_OD_Fovea_lesions\ADAM_400_testset\V0261.jpg;;train;0
V0270;C:\Users\Prinzessin\projects\image_data\iChallenge_AMD_OD_Fovea_lesions\ADAM_400_testset\V0270.jpg;;train;0
V0355;C:\Users\Prinzessin\projects\image_data\iChallenge_AMD_OD_Fovea_lesions\ADAM_400_testset\V0355.jpg;;train;0
V0115;C:\Users\Prinzessin\projects\image_data\iChallenge_AMD_OD_Fovea_lesions\ADAM_400_testset\V0115.jpg;;train;0
V0008;C:\Users\Prinzessin\projects\image_data\iChallenge_AMD_OD_Fovea_lesions\ADAM_400_testset\V0008.jpg;;train;0
V0119;C:\Users\Prinzessin\projects\image_data\iChallenge_AMD_OD_Fovea_lesions\ADAM_400_testset\V0119.jpg;;train;0
V0183;C:\Users\Prinzessin\projects\image_data\iChallenge_AMD_OD_Fovea_lesions\ADAM_400_testset\V0183.jpg;;train;0
V0299;C:\Users\Prinzessin\projects\image_data\iChallenge_AMD_OD_Fovea_lesions\ADAM_400_testset\V0299.jpg;;train;0
V0185;C:\Users\Prinzessin\projects\image_data\iChallenge_AMD_OD_Fovea_lesions\ADAM_400_testset\V0185.jpg;;train;0
V0069;C:\Users\Prinzessin\projects\image_data\iChallenge_AMD_OD_Fovea_lesions\ADAM_400_testset\V0069.jpg;;train;0
V0017;C:\Users\Prinzessin\projects\image_data\iChallenge_AMD_OD_Fovea_lesions\ADAM_400_testset\V0017.jpg;;train;0
V0046;C:\Users\Prinzessin\projects\image_data\iChallenge_AMD_OD_Fovea_lesions\ADAM_400_testset\V0046.jpg;;train;0
V0252;C:\Users\Prinzessin\projects\image_data\iChallenge_AMD_OD_Fovea_lesions\ADAM_400_testset\V0252.jpg;;train;0
V0216;C:\Users\Prinzessin\projects\image_data\iChallenge_AMD_OD_Fovea_lesions\ADAM_400_testset\V0216.jpg;;train;0
V0316;C:\Users\Prinzessin\projects\image_data\iChallenge_AMD_OD_Fovea_lesions\ADAM_400_testset\V0316.jpg;;train;0
V0331;C:\Users\Prinzessin\projects\image_data\iChallenge_AMD_OD_Fovea_lesions\ADAM_400_testset\V0331.jpg;;train;0
V0122;C:\Users\Prinzessin\projects\image_data\iChallenge_AMD_OD_Fovea_lesions\ADAM_400_testset\V0122.jpg;;train;0
V0235;C:\Users\Prinzessin\projects\image_data\iChallenge_AMD_OD_Fovea_lesions\ADAM_400_testset\V0235.jpg;;train;0
V0130;C:\Users\Prinzessin\projects\image_data\iChallenge_AMD_OD_Fovea_lesions\ADAM_400_testset\V0130.jpg;;train;0
V0245;C:\Users\Prinzessin\projects\image_data\iChallenge_AMD_OD_Fovea_lesions\ADAM_400_testset\V0245.jpg;;train;0
V0090;C:\Users\Prinzessin\projects\image_data\iChallenge_AMD_OD_Fovea_lesions\ADAM_400_testset\V0090.jpg;;train;0
V0240;C:\Users\Prinzessin\projects\image_data\iChallenge_AMD_OD_Fovea_lesions\ADAM_400_testset\V0240.jpg;;train;0
V0016;C:\Users\Prinzessin\projects\image_data\iChallenge_AMD_OD_Fovea_lesions\ADAM_400_testset\V0016.jpg;;train;0
V0378;C:\Users\Prinzessin\projects\image_data\iChallenge_AMD_OD_Fovea_lesions\ADAM_400_testset\V0378.jpg;;train;0
V0146;C:\Users\Prinzessin\projects\image_data\iChallenge_AMD_OD_Fovea_lesions\ADAM_400_testset\V0146.jpg;;train;0
V0100;C:\Users\Prinzessin\projects\image_data\iChallenge_AMD_OD_Fovea_lesions\ADAM_400_testset\V0100.jpg;;train;0
V0141;C:\Users\Prinzessin\projects\image_data\iChallenge_AMD_OD_Fovea_lesions\ADAM_400_testset\V0141.jpg;;train;0
V0006;C:\Users\Prinzessin\projects\image_data\iChallenge_AMD_OD_Fovea_lesions\ADAM_400_testset\V0006.jpg;;train;0
V0054;C:\Users\Prinzessin\projects\image_data\iChallenge_AMD_OD_Fovea_lesions\ADAM_400_testset\V0054.jpg;;train;0
V0084;C:\Users\Prinzessin\projects\image_data\iChallenge_AMD_OD_Fovea_lesions\ADAM_400_testset\V0084.jpg;;train;0
V0053;C:\Users\Prinzessin\projects\image_data\iChallenge_AMD_OD_Fovea_lesions\ADAM_400_testset\V0053.jpg;;train;0
V0384;C:\Users\Prinzessin\projects\image_data\iChallenge_AMD_OD_Fovea_lesions\ADAM_400_testset\V0384.jpg;;train;0
V0203;C:\Users\Prinzessin\projects\image_data\iChallenge_AMD_OD_Fovea_lesions\ADAM_400_testset\V0203.jpg;;train;0
V0253;C:\Users\Prinzessin\projects\image_data\iChallenge_AMD_OD_Fovea_lesions\ADAM_400_testset\V0253.jpg;;train;0
V0344;C:\Users\Prinzessin\projects\image_data\iChallenge_AMD_OD_Fovea_lesions\ADAM_400_testset\V0344.jpg;;train;0
V0071;C:\Users\Prinzessin\projects\image_data\iChallenge_AMD_OD_Fovea_lesions\ADAM_400_testset\V0071.jpg;;train;0
V0128;C:\Users\Prinzessin\projects\image_data\iChallenge_AMD_OD_Fovea_lesions\ADAM_400_testset\V0128.jpg;;train;0
V0302;C:\Users\Prinzessin\projects\image_data\iChallenge_AMD_OD_Fovea_lesions\ADAM_400_testset\V0302.jpg;;train;0
V0296;C:\Users\Prinzessin\projects\image_data\iChallenge_AMD_OD_Fovea_lesions\ADAM_400_testset\V0296.jpg;;train;0
V0042;C:\Users\Prinzessin\projects\image_data\iChallenge_AMD_OD_Fovea_lesions\ADAM_400_testset\V0042.jpg;;train;0
V0387;C:\Users\Prinzessin\projects\image_data\iChallenge_AMD_OD_Fovea_lesions\ADAM_400_testset\V0387.jpg;;train;0
V0124;C:\Users\Prinzessin\projects\image_data\iChallenge_AMD_OD_Fovea_lesions\ADAM_400_testset\V0124.jpg;;train;0
V0049;C:\Users\Prinzessin\projects\image_data\iChallenge_AMD_OD_Fovea_lesions\ADAM_400_testset\V0049.jpg;;train;0
V0182;C:\Users\Prinzessin\projects\image_data\iChallenge_AMD_OD_Fovea_lesions\ADAM_400_testset\V0182.jpg;;train;0
V0158;C:\Users\Prinzessin\projects\image_data\iChallenge_AMD_OD_Fovea_lesions\ADAM_400_testset\V0158.jpg;;train;0
V0044;C:\Users\Prinzessin\projects\image_data\iChallenge_AMD_OD_Fovea_lesions\ADAM_400_testset\V0044.jpg;;train;0
V0358;C:\Users\Prinzessin\projects\image_data\iChallenge_AMD_OD_Fovea_lesions\ADAM_400_testset\V0358.jpg;;train;0
V0191;C:\Users\Prinzessin\projects\image_data\iChallenge_AMD_OD_Fovea_lesions\ADAM_400_testset\V0191.jpg;;train;0
V0200;C:\Users\Prinzessin\projects\image_data\iChallenge_AMD_OD_Fovea_lesions\ADAM_400_testset\V0200.jpg;;train;0
V0070;C:\Users\Prinzessin\projects\image_data\iChallenge_AMD_OD_Fovea_lesions\ADAM_400_testset\V0070.jpg;;train;0
V0034;C:\Users\Prinzessin\projects\image_data\iChallenge_AMD_OD_Fovea_lesions\ADAM_400_testset\V0034.jpg;;train;0
V0148;C:\Users\Prinzessin\projects\image_data\iChallenge_AMD_OD_Fovea_lesions\ADAM_400_testset\V0148.jpg;;train;0
V0276;C:\Users\Prinzessin\projects\image_data\iChallenge_AMD_OD_Fovea_lesions\ADAM_400_testset\V0276.jpg;;train;0
V0305;C:\Users\Prinzessin\projects\image_data\iChallenge_AMD_OD_Fovea_lesions\ADAM_400_testset\V0305.jpg;;train;0
V0273;C:\Users\Prinzessin\projects\image_data\iChallenge_AMD_OD_Fovea_lesions\ADAM_400_testset\V0273.jpg;;train;0
V0139;C:\Users\Prinzessin\projects\image_data\iChallenge_AMD_OD_Fovea_lesions\ADAM_400_testset\V0139.jpg;;train;0
V0063;C:\Users\Prinzessin\projects\image_data\iChallenge_AMD_OD_Fovea_lesions\ADAM_400_testset\V0063.jpg;;train;0
V0255;C:\Users\Prinzessin\projects\image_data\iChallenge_AMD_OD_Fovea_lesions\ADAM_400_testset\V0255.jpg;;train;0
V0199;C:\Users\Prinzessin\projects\image_data\iChallenge_AMD_OD_Fovea_lesions\ADAM_400_testset\V0199.jpg;;train;0
V0167;C:\Users\Prinzessin\projects\image_data\iChallenge_AMD_OD_Fovea_lesions\ADAM_400_testset\V0167.jpg;;train;0
V0168;C:\Users\Prinzessin\projects\image_data\iChallenge_AMD_OD_Fovea_lesions\ADAM_400_testset\V0168.jpg;;train;0
V0156;C:\Users\Prinzessin\projects\image_data\iChallenge_AMD_OD_Fovea_lesions\ADAM_400_testset\V0156.jpg;;train;0
V0230;C:\Users\Prinzessin\projects\image_data\iChallenge_AMD_OD_Fovea_lesions\ADAM_400_testset\V0230.jpg;;train;0
V0131;C:\Users\Prinzessin\projects\image_data\iChallenge_AMD_OD_Fovea_lesions\ADAM_400_testset\V0131.jpg;;train;0
V0051;C:\Users\Prinzessin\projects\image_data\iChallenge_AMD_OD_Fovea_lesions\ADAM_400_testset\V0051.jpg;;train;0
V0385;C:\Users\Prinzessin\projects\image_data\iChallenge_AMD_OD_Fovea_lesions\ADAM_400_testset\V0385.jpg;;train;0
V0369;C:\Users\Prinzessin\projects\image_data\iChallenge_AMD_OD_Fovea_lesions\ADAM_400_testset\V0369.jpg;;train;0
V0043;C:\Users\Prinzessin\projects\image_data\iChallenge_AMD_OD_Fovea_lesions\ADAM_400_testset\V0043.jpg;;train;0
V0312;C:\Users\Prinzessin\projects\image_data\iChallenge_AMD_OD_Fovea_lesions\ADAM_400_testset\V0312.jpg;;train;0
V0268;C:\Users\Prinzessin\projects\image_data\iChallenge_AMD_OD_Fovea_lesions\ADAM_400_testset\V0268.jpg;;train;0
V0202;C:\Users\Prinzessin\projects\image_data\iChallenge_AMD_OD_Fovea_lesions\ADAM_400_testset\V0202.jpg;;train;0
V0127;C:\Users\Prinzessin\projects\image_data\iChallenge_AMD_OD_Fovea_lesions\ADAM_400_testset\V0127.jpg;;train;0
V0237;C:\Users\Prinzessin\projects\image_data\iChallenge_AMD_OD_Fovea_lesions\ADAM_400_testset\V0237.jpg;;train;0
V0206;C:\Users\Prinzessin\projects\image_data\iChallenge_AMD_OD_Fovea_lesions\ADAM_400_testset\V0206.jpg;;train;0
V0298;C:\Users\Prinzessin\projects\image_data\iChallenge_AMD_OD_Fovea_lesions\ADAM_400_testset\V0298.jpg;;train;0
V0155;C:\Users\Prinzessin\projects\image_data\iChallenge_AMD_OD_Fovea_lesions\ADAM_400_testset\V0155.jpg;;train;0
V0223;C:\Users\Prinzessin\projects\image_data\iChallenge_AMD_OD_Fovea_lesions\ADAM_400_testset\V0223.jpg;;train;0
V0363;C:\Users\Prinzessin\projects\image_data\iChallenge_AMD_OD_Fovea_lesions\ADAM_400_testset\V0363.jpg;;train;0
V0231;C:\Users\Prinzessin\projects\image_data\iChallenge_AMD_OD_Fovea_lesions\ADAM_400_testset\V0231.jpg;;train;0
V0134;C:\Users\Prinzessin\projects\image_data\iChallenge_AMD_OD_Fovea_lesions\ADAM_400_testset\V0134.jpg;;train;0
V0334;C:\Users\Prinzessin\projects\image_data\iChallenge_AMD_OD_Fovea_lesions\ADAM_400_testset\V0334.jpg;;train;0
V0019;C:\Users\Prinzessin\projects\image_data\iChallenge_AMD_OD_Fovea_lesions\ADAM_400_testset\V0019.jpg;;train;0
V0194;C:\Users\Prinzessin\projects\image_data\iChallenge_AMD_OD_Fovea_lesions\ADAM_400_testset\V0194.jpg;;train;0
V0288;C:\Users\Prinzessin\projects\image_data\iChallenge_AMD_OD_Fovea_lesions\ADAM_400_testset\V0288.jpg;;train;0
V0221;C:\Users\Prinzessin\projects\image_data\iChallenge_AMD_OD_Fovea_lesions\ADAM_400_testset\V0221.jpg;;train;0
V0283;C:\Users\Prinzessin\projects\image_data\iChallenge_AMD_OD_Fovea_lesions\ADAM_400_testset\V0283.jpg;;train;0
V0352;C:\Users\Prinzessin\projects\image_data\iChallenge_AMD_OD_Fovea_lesions\ADAM_400_testset\V0352.jpg;;train;0
V0271;C:\Users\Prinzessin\projects\image_data\iChallenge_AMD_OD_Fovea_lesions\ADAM_400_testset\V0271.jpg;;train;0
V0018;C:\Users\Prinzessin\projects\image_data\iChallenge_AMD_OD_Fovea_lesions\ADAM_400_testset\V0018.jpg;;train;0
V0138;C:\Users\Prinzessin\projects\image_data\iChallenge_AMD_OD_Fovea_lesions\ADAM_400_testset\V0138.jpg;;train;0
V0072;C:\Users\Prinzessin\projects\image_data\iChallenge_AMD_OD_Fovea_lesions\ADAM_400_testset\V0072.jpg;;train;0
V0136;C:\Users\Prinzessin\projects\image_data\iChallenge_AMD_OD_Fovea_lesions\ADAM_400_testset\V0136.jpg;;train;0
V0346;C:\Users\Prinzessin\projects\image_data\iChallenge_AMD_OD_Fovea_lesions\ADAM_400_testset\V0346.jpg;;train;0
V0142;C:\Users\Prinzessin\projects\image_data\iChallenge_AMD_OD_Fovea_lesions\ADAM_400_testset\V0142.jpg;;train;0
V0218;C:\Users\Prinzessin\projects\image_data\iChallenge_AMD_OD_Fovea_lesions\ADAM_400_testset\V0218.jpg;;train;0
V0236;C:\Users\Prinzessin\projects\image_data\iChallenge_AMD_OD_Fovea_lesions\ADAM_400_testset\V0236.jpg;;train;0
V0391;C:\Users\Prinzessin\projects\image_data\iChallenge_AMD_OD_Fovea_lesions\ADAM_400_testset\V0391.jpg;;train;0
V0153;C:\Users\Prinzessin\projects\image_data\iChallenge_AMD_OD_Fovea_lesions\ADAM_400_testset\V0153.jpg;;train;0
V0373;C:\Users\Prinzessin\projects\image_data\iChallenge_AMD_OD_Fovea_lesions\ADAM_400_testset\V0373.jpg;;train;0
V0370;C:\Users\Prinzessin\projects\image_data\iChallenge_AMD_OD_Fovea_lesions\ADAM_400_testset\V0370.jpg;;train;0
V0101;C:\Users\Prinzessin\projects\image_data\iChallenge_AMD_OD_Fovea_lesions\ADAM_400_testset\V0101.jpg;;train;0
V0324;C:\Users\Prinzessin\projects\image_data\iChallenge_AMD_OD_Fovea_lesions\ADAM_400_testset\V0324.jpg;;train;0
V0060;C:\Users\Prinzessin\projects\image_data\iChallenge_AMD_OD_Fovea_lesions\ADAM_400_testset\V0060.jpg;;train;0
V0030;C:\Users\Prinzessin\projects\image_data\iChallenge_AMD_OD_Fovea_lesions\ADAM_400_testset\V0030.jpg;;train;0
V0082;C:\Users\Prinzessin\projects\image_data\iChallenge_AMD_OD_Fovea_lesions\ADAM_400_testset\V0082.jpg;;train;0
V0263;C:\Users\Prinzessin\projects\image_data\iChallenge_AMD_OD_Fovea_lesions\ADAM_400_testset\V0263.jpg;;train;0
V0086;C:\Users\Prinzessin\projects\image_data\iChallenge_AMD_OD_Fovea_lesions\ADAM_400_testset\V0086.jpg;;train;0
V0040;C:\Users\Prinzessin\projects\image_data\iChallenge_AMD_OD_Fovea_lesions\ADAM_400_testset\V0040.jpg;;train;0
V0228;C:\Users\Prinzessin\projects\image_data\iChallenge_AMD_OD_Fovea_lesions\ADAM_400_testset\V0228.jpg;;train;0
V0125;C:\Users\Prinzessin\projects\image_data\iChallenge_AMD_OD_Fovea_lesions\ADAM_400_testset\V0125.jpg;;train;0
V0393;C:\Users\Prinzessin\projects\image_data\iChallenge_AMD_OD_Fovea_lesions\ADAM_400_testset\V0393.jpg;;train;0
V0009;C:\Users\Prinzessin\projects\image_data\iChallenge_AMD_OD_Fovea_lesions\ADAM_400_testset\V0009.jpg;;train;0
V0282;C:\Users\Prinzessin\projects\image_data\iChallenge_AMD_OD_Fovea_lesions\ADAM_400_testset\V0282.jpg;;train;0
V0147;C:\Users\Prinzessin\projects\image_data\iChallenge_AMD_OD_Fovea_lesions\ADAM_400_testset\V0147.jpg;;train;0
V0145;C:\Users\Prinzessin\projects\image_data\iChallenge_AMD_OD_Fovea_lesions\ADAM_400_testset\V0145.jpg;;train;0
V0023;C:\Users\Prinzessin\projects\image_data\iChallenge_AMD_OD_Fovea_lesions\ADAM_400_testset\V0023.jpg;;train;0
V0061;C:\Users\Prinzessin\projects\image_data\iChallenge_AMD_OD_Fovea_lesions\ADAM_400_testset\V0061.jpg;;train;0
V0123;C:\Users\Prinzessin\projects\image_data\iChallenge_AMD_OD_Fovea_lesions\ADAM_400_testset\V0123.jpg;;train;0
V0291;C:\Users\Prinzessin\projects\image_data\iChallenge_AMD_OD_Fovea_lesions\ADAM_400_testset\V0291.jpg;;train;0
V0335;C:\Users\Prinzessin\projects\image_data\iChallenge_AMD_OD_Fovea_lesions\ADAM_400_testset\V0335.jpg;;train;0
V0214;C:\Users\Prinzessin\projects\image_data\iChallenge_AMD_OD_Fovea_lesions\ADAM_400_testset\V0214.jpg;;train;0
V0103;C:\Users\Prinzessin\projects\image_data\iChallenge_AMD_OD_Fovea_lesions\ADAM_400_testset\V0103.jpg;;train;0
V0045;C:\Users\Prinzessin\projects\image_data\iChallenge_AMD_OD_Fovea_lesions\ADAM_400_testset\V0045.jpg;;train;0
V0351;C:\Users\Prinzessin\projects\image_data\iChallenge_AMD_OD_Fovea_lesions\ADAM_400_testset\V0351.jpg;;train;0
V0327;C:\Users\Prinzessin\projects\image_data\iChallenge_AMD_OD_Fovea_lesions\ADAM_400_testset\V0327.jpg;;train;0
V0272;C:\Users\Prinzessin\projects\image_data\iChallenge_AMD_OD_Fovea_lesions\ADAM_400_testset\V0272.jpg;;train;0
V0212;C:\Users\Prinzessin\projects\image_data\iChallenge_AMD_OD_Fovea_lesions\ADAM_400_testset\V0212.jpg;;train;0
V0064;C:\Users\Prinzessin\projects\image_data\iChallenge_AMD_OD_Fovea_lesions\ADAM_400_testset\V0064.jpg;;train;0
V0010;C:\Users\Prinzessin\projects\image_data\iChallenge_AMD_OD_Fovea_lesions\ADAM_400_testset\V0010.jpg;;train;0
V0343;C:\Users\Prinzessin\projects\image_data\iChallenge_AMD_OD_Fovea_lesions\ADAM_400_testset\V0343.jpg;;train;0
V0195;C:\Users\Prinzessin\projects\image_data\iChallenge_AMD_OD_Fovea_lesions\ADAM_400_testset\V0195.jpg;;train;0
V0083;C:\Users\Prinzessin\projects\image_data\iChallenge_AMD_OD_Fovea_lesions\ADAM_400_testset\V0083.jpg;;train;0
V0013;C:\Users\Prinzessin\projects\image_data\iChallenge_AMD_OD_Fovea_lesions\ADAM_400_testset\V0013.jpg;;train;0
V0208;C:\Users\Prinzessin\projects\image_data\iChallenge_AMD_OD_Fovea_lesions\ADAM_400_testset\V0208.jpg;;train;0
V0339;C:\Users\Prinzessin\projects\image_data\iChallenge_AMD_OD_Fovea_lesions\ADAM_400_testset\V0339.jpg;;train;0
V0348;C:\Users\Prinzessin\projects\image_data\iChallenge_AMD_OD_Fovea_lesions\ADAM_400_testset\V0348.jpg;;train;0
V0132;C:\Users\Prinzessin\projects\image_data\iChallenge_AMD_OD_Fovea_lesions\ADAM_400_testset\V0132.jpg;;train;0
V0205;C:\Users\Prinzessin\projects\image_data\iChallenge_AMD_OD_Fovea_lesions\ADAM_400_testset\V0205.jpg;;train;0
V0257;C:\Users\Prinzessin\projects\image_data\iChallenge_AMD_OD_Fovea_lesions\ADAM_400_testset\V0257.jpg;;train;0
V0089;C:\Users\Prinzessin\projects\image_data\iChallenge_AMD_OD_Fovea_lesions\ADAM_400_testset\V0089.jpg;;train;0
V0367;C:\Users\Prinzessin\projects\image_data\iChallenge_AMD_OD_Fovea_lesions\ADAM_400_testset\V0367.jpg;;train;0
V0249;C:\Users\Prinzessin\projects\image_data\iChallenge_AMD_OD_Fovea_lesions\ADAM_400_testset\V0249.jpg;;train;0
V0161;C:\Users\Prinzessin\projects\image_data\iChallenge_AMD_OD_Fovea_lesions\ADAM_400_testset\V0161.jpg;;train;0
V0110;C:\Users\Prinzessin\projects\image_data\iChallenge_AMD_OD_Fovea_lesions\ADAM_400_testset\V0110.jpg;;train;0
V0032;C:\Users\Prinzessin\projects\image_data\iChallenge_AMD_OD_Fovea_lesions\ADAM_400_testset\V0032.jpg;;train;0
V0242;C:\Users\Prinzessin\projects\image_data\iChallenge_AMD_OD_Fovea_lesions\ADAM_400_testset\V0242.jpg;;train;0
V0088;C:\Users\Prinzessin\projects\image_data\iChallenge_AMD_OD_Fovea_lesions\ADAM_400_testset\V0088.jpg;;train;0
V0248;C:\Users\Prinzessin\projects\image_data\iChallenge_AMD_OD_Fovea_lesions\ADAM_400_testset\V0248.jpg;;train;0
V0116;C:\Users\Prinzessin\projects\image_data\iChallenge_AMD_OD_Fovea_lesions\ADAM_400_testset\V0116.jpg;;train;0
V0164;C:\Users\Prinzessin\projects\image_data\iChallenge_AMD_OD_Fovea_lesions\ADAM_400_testset\V0164.jpg;;train;0
V0002;C:\Users\Prinzessin\projects\image_data\iChallenge_AMD_OD_Fovea_lesions\ADAM_400_testset\V0002.jpg;;train;0
V0310;C:\Users\Prinzessin\projects\image_data\iChallenge_AMD_OD_Fovea_lesions\ADAM_400_testset\V0310.jpg;;train;0
V0309;C:\Users\Prinzessin\projects\image_data\iChallenge_AMD_OD_Fovea_lesions\ADAM_400_testset\V0309.jpg;;train;0
V0095;C:\Users\Prinzessin\projects\image_data\iChallenge_AMD_OD_Fovea_lesions\ADAM_400_testset\V0095.jpg;;train;0
V0290;C:\Users\Prinzessin\projects\image_data\iChallenge_AMD_OD_Fovea_lesions\ADAM_400_testset\V0290.jpg;;train;0
V0241;C:\Users\Prinzessin\projects\image_data\iChallenge_AMD_OD_Fovea_lesions\ADAM_400_testset\V0241.jpg;;train;0
V0171;C:\Users\Prinzessin\projects\image_data\iChallenge_AMD_OD_Fovea_lesions\ADAM_400_testset\V0171.jpg;;train;0
V0396;C:\Users\Prinzessin\projects\image_data\iChallenge_AMD_OD_Fovea_lesions\ADAM_400_testset\V0396.jpg;;train;0
V0181;C:\Users\Prinzessin\projects\image_data\iChallenge_AMD_OD_Fovea_lesions\ADAM_400_testset\V0181.jpg;;train;0
V0014;C:\Users\Prinzessin\projects\image_data\iChallenge_AMD_OD_Fovea_lesions\ADAM_400_testset\V0014.jpg;;train;0
V0323;C:\Users\Prinzessin\projects\image_data\iChallenge_AMD_OD_Fovea_lesions\ADAM_400_testset\V0323.jpg;;train;0
V0039;C:\Users\Prinzessin\projects\image_data\iChallenge_AMD_OD_Fovea_lesions\ADAM_400_testset\V0039.jpg;;train;0
V0188;C:\Users\Prinzessin\projects\image_data\iChallenge_AMD_OD_Fovea_lesions\ADAM_400_testset\V0188.jpg;;train;0
V0144;C:\Users\Prinzessin\projects\image_data\iChallenge_AMD_OD_Fovea_lesions\ADAM_400_testset\V0144.jpg;;train;0
V0233;C:\Users\Prinzessin\projects\image_data\iChallenge_AMD_OD_Fovea_lesions\ADAM_400_testset\V0233.jpg;;train;0
V0157;C:\Users\Prinzessin\projects\image_data\iChallenge_AMD_OD_Fovea_lesions\ADAM_400_testset\V0157.jpg;;train;0
V0190;C:\Users\Prinzessin\projects\image_data\iChallenge_AMD_OD_Fovea_lesions\ADAM_400_testset\V0190.jpg;;train;0
V0099;C:\Users\Prinzessin\projects\image_data\iChallenge_AMD_OD_Fovea_lesions\ADAM_400_testset\V0099.jpg;;train;0
V0330;C:\Users\Prinzessin\projects\image_data\iChallenge_AMD_OD_Fovea_lesions\ADAM_400_testset\V0330.jpg;;train;0
V0192;C:\Users\Prinzessin\projects\image_data\iChallenge_AMD_OD_Fovea_lesions\ADAM_400_testset\V0192.jpg;;train;0
V0162;C:\Users\Prinzessin\projects\image_data\iChallenge_AMD_OD_Fovea_lesions\ADAM_400_testset\V0162.jpg;;train;0
V0395;C:\Users\Prinzessin\projects\image_data\iChallenge_AMD_OD_Fovea_lesions\ADAM_400_testset\V0395.jpg;;train;0
V0329;C:\Users\Prinzessin\projects\image_data\iChallenge_AMD_OD_Fovea_lesions\ADAM_400_testset\V0329.jpg;;train;0
V0337;C:\Users\Prinzessin\projects\image_data\iChallenge_AMD_OD_Fovea_lesions\ADAM_400_testset\V0337.jpg;;train;0
V0279;C:\Users\Prinzessin\projects\image_data\iChallenge_AMD_OD_Fovea_lesions\ADAM_400_testset\V0279.jpg;;train;0
V0129;C:\Users\Prinzessin\projects\image_data\iChallenge_AMD_OD_Fovea_lesions\ADAM_400_testset\V0129.jpg;;train;0
V0375;C:\Users\Prinzessin\projects\image_data\iChallenge_AMD_OD_Fovea_lesions\ADAM_400_testset\V0375.jpg;;train;0
V0259;C:\Users\Prinzessin\projects\image_data\iChallenge_AMD_OD_Fovea_lesions\ADAM_400_testset\V0259.jpg;;train;0
V0021;C:\Users\Prinzessin\projects\image_data\iChallenge_AMD_OD_Fovea_lesions\ADAM_400_testset\V0021.jpg;;train;0
V0364;C:\Users\Prinzessin\projects\image_data\iChallenge_AMD_OD_Fovea_lesions\ADAM_400_testset\V0364.jpg;;train;0
V0079;C:\Users\Prinzessin\projects\image_data\iChallenge_AMD_OD_Fovea_lesions\ADAM_400_testset\V0079.jpg;;train;0
V0246;C:\Users\Prinzessin\projects\image_data\iChallenge_AMD_OD_Fovea_lesions\ADAM_400_testset\V0246.jpg;;train;0
V0380;C:\Users\Prinzessin\projects\image_data\iChallenge_AMD_OD_Fovea_lesions\ADAM_400_testset\V0380.jpg;;train;0
V0204;C:\Users\Prinzessin\projects\image_data\iChallenge_AMD_OD_Fovea_lesions\ADAM_400_testset\V0204.jpg;;train;0
V0036;C:\Users\Prinzessin\projects\image_data\iChallenge_AMD_OD_Fovea_lesions\ADAM_400_testset\V0036.jpg;;train;0
V0172;C:\Users\Prinzessin\projects\image_data\iChallenge_AMD_OD_Fovea_lesions\ADAM_400_testset\V0172.jpg;;train;0
V0328;C:\Users\Prinzessin\projects\image_data\iChallenge_AMD_OD_Fovea_lesions\ADAM_400_testset\V0328.jpg;;train;0
V0394;C:\Users\Prinzessin\projects\image_data\iChallenge_AMD_OD_Fovea_lesions\ADAM_400_testset\V0394.jpg;;train;0
V0207;C:\Users\Prinzessin\projects\image_data\iChallenge_AMD_OD_Fovea_lesions\ADAM_400_testset\V0207.jpg;;train;0
V0381;C:\Users\Prinzessin\projects\image_data\iChallenge_AMD_OD_Fovea_lesions\ADAM_400_testset\V0381.jpg;;train;0
V0187;C:\Users\Prinzessin\projects\image_data\iChallenge_AMD_OD_Fovea_lesions\ADAM_400_testset\V0187.jpg;;train;0
V0151;C:\Users\Prinzessin\projects\image_data\iChallenge_AMD_OD_Fovea_lesions\ADAM_400_testset\V0151.jpg;;train;0
V0292;C:\Users\Prinzessin\projects\image_data\iChallenge_AMD_OD_Fovea_lesions\ADAM_400_testset\V0292.jpg;;train;0
V0140;C:\Users\Prinzessin\projects\image_data\iChallenge_AMD_OD_Fovea_lesions\ADAM_400_testset\V0140.jpg;;train;0
V0243;C:\Users\Prinzessin\projects\image_data\iChallenge_AMD_OD_Fovea_lesions\ADAM_400_testset\V0243.jpg;;train;0
V0038;C:\Users\Prinzessin\projects\image_data\iChallenge_AMD_OD_Fovea_lesions\ADAM_400_testset\V0038.jpg;;train;0
V0267;C:\Users\Prinzessin\projects\image_data\iChallenge_AMD_OD_Fovea_lesions\ADAM_400_testset\V0267.jpg;;train;0
V0076;C:\Users\Prinzessin\projects\image_data\iChallenge_AMD_OD_Fovea_lesions\ADAM_400_testset\V0076.jpg;;train;0
V0285;C:\Users\Prinzessin\projects\image_data\iChallenge_AMD_OD_Fovea_lesions\ADAM_400_testset\V0285.jpg;;train;0
V0176;C:\Users\Prinzessin\projects\image_data\iChallenge_AMD_OD_Fovea_lesions\ADAM_400_testset\V0176.jpg;;train;0
V0278;C:\Users\Prinzessin\projects\image_data\iChallenge_AMD_OD_Fovea_lesions\ADAM_400_testset\V0278.jpg;;train;0
V0258;C:\Users\Prinzessin\projects\image_data\iChallenge_AMD_OD_Fovea_lesions\ADAM_400_testset\V0258.jpg;;train;0
V0104;C:\Users\Prinzessin\projects\image_data\iChallenge_AMD_OD_Fovea_lesions\ADAM_400_testset\V0104.jpg;;train;0
V0056;C:\Users\Prinzessin\projects\image_data\iChallenge_AMD_OD_Fovea_lesions\ADAM_400_testset\V0056.jpg;;train;0
V0374;C:\Users\Prinzessin\projects\image_data\iChallenge_AMD_OD_Fovea_lesions\ADAM_400_testset\V0374.jpg;;train;0
V0347;C:\Users\Prinzessin\projects\image_data\iChallenge_AMD_OD_Fovea_lesions\ADAM_400_testset\V0347.jpg;;train;0
V0262;C:\Users\Prinzessin\projects\image_data\iChallenge_AMD_OD_Fovea_lesions\ADAM_400_testset\V0262.jpg;;train;0
V0315;C:\Users\Prinzessin\projects\image_data\iChallenge_AMD_OD_Fovea_lesions\ADAM_400_testset\V0315.jpg;;train;0
V0386;C:\Users\Prinzessin\projects\image_data\iChallenge_AMD_OD_Fovea_lesions\ADAM_400_testset\V0386.jpg;;train;0
V0349;C:\Users\Prinzessin\projects\image_data\iChallenge_AMD_OD_Fovea_lesions\ADAM_400_testset\V0349.jpg;;train;0
V0135;C:\Users\Prinzessin\projects\image_data\iChallenge_AMD_OD_Fovea_lesions\ADAM_400_testset\V0135.jpg;;train;0
V0031;C:\Users\Prinzessin\projects\image_data\iChallenge_AMD_OD_Fovea_lesions\ADAM_400_testset\V0031.jpg;;train;0
V0126;C:\Users\Prinzessin\projects\image_data\iChallenge_AMD_OD_Fovea_lesions\ADAM_400_testset\V0126.jpg;;train;0
V0377;C:\Users\Prinzessin\projects\image_data\iChallenge_AMD_OD_Fovea_lesions\ADAM_400_testset\V0377.jpg;;train;0
V0163;C:\Users\Prinzessin\projects\image_data\iChallenge_AMD_OD_Fovea_lesions\ADAM_400_testset\V0163.jpg;;train;0
V0028;C:\Users\Prinzessin\projects\image_data\iChallenge_AMD_OD_Fovea_lesions\ADAM_400_testset\V0028.jpg;;train;0
V0057;C:\Users\Prinzessin\projects\image_data\iChallenge_AMD_OD_Fovea_lesions\ADAM_400_testset\V0057.jpg;;train;0
V0372;C:\Users\Prinzessin\projects\image_data\iChallenge_AMD_OD_Fovea_lesions\ADAM_400_testset\V0372.jpg;;train;0
V0114;C:\Users\Prinzessin\projects\image_data\iChallenge_AMD_OD_Fovea_lesions\ADAM_400_testset\V0114.jpg;;train;0
V0106;C:\Users\Prinzessin\projects\image_data\iChallenge_AMD_OD_Fovea_lesions\ADAM_400_testset\V0106.jpg;;train;0
V0197;C:\Users\Prinzessin\projects\image_data\iChallenge_AMD_OD_Fovea_lesions\ADAM_400_testset\V0197.jpg;;train;0
V0232;C:\Users\Prinzessin\projects\image_data\iChallenge_AMD_OD_Fovea_lesions\ADAM_400_testset\V0232.jpg;;train;0
V0275;C:\Users\Prinzessin\projects\image_data\iChallenge_AMD_OD_Fovea_lesions\ADAM_400_testset\V0275.jpg;;train;0
V0227;C:\Users\Prinzessin\projects\image_data\iChallenge_AMD_OD_Fovea_lesions\ADAM_400_testset\V0227.jpg;;train;0
V0238;C:\Users\Prinzessin\projects\image_data\iChallenge_AMD_OD_Fovea_lesions\ADAM_400_testset\V0238.jpg;;train;0
V0244;C:\Users\Prinzessin\projects\image_data\iChallenge_AMD_OD_Fovea_lesions\ADAM_400_testset\V0244.jpg;;train;0
V0169;C:\Users\Prinzessin\projects\image_data\iChallenge_AMD_OD_Fovea_lesions\ADAM_400_testset\V0169.jpg;;train;0
V0012;C:\Users\Prinzessin\projects\image_data\iChallenge_AMD_OD_Fovea_lesions\ADAM_400_testset\V0012.jpg;;train;0
V0035;C:\Users\Prinzessin\projects\image_data\iChallenge_AMD_OD_Fovea_lesions\ADAM_400_testset\V0035.jpg;;train;0
V0250;C:\Users\Prinzessin\projects\image_data\iChallenge_AMD_OD_Fovea_lesions\ADAM_400_testset\V0250.jpg;;train;0
V0107;C:\Users\Prinzessin\projects\image_data\iChallenge_AMD_OD_Fovea_lesions\ADAM_400_testset\V0107.jpg;;train;0
V0325;C:\Users\Prinzessin\projects\image_data\iChallenge_AMD_OD_Fovea_lesions\ADAM_400_testset\V0325.jpg;;train;0
V0175;C:\Users\Prinzessin\projects\image_data\iChallenge_AMD_OD_Fovea_lesions\ADAM_400_testset\V0175.jpg;;train;0
V0338;C:\Users\Prinzessin\projects\image_data\iChallenge_AMD_OD_Fovea_lesions\ADAM_400_testset\V0338.jpg;;train;0
V0121;C:\Users\Prinzessin\projects\image_data\iChallenge_AMD_OD_Fovea_lesions\ADAM_400_testset\V0121.jpg;;train;0
V0340;C:\Users\Prinzessin\projects\image_data\iChallenge_AMD_OD_Fovea_lesions\ADAM_400_testset\V0340.jpg;;train;0
V0320;C:\Users\Prinzessin\projects\image_data\iChallenge_AMD_OD_Fovea_lesions\ADAM_400_testset\V0320.jpg;;train;0
V0277;C:\Users\Prinzessin\projects\image_data\iChallenge_AMD_OD_Fovea_lesions\ADAM_400_testset\V0277.jpg;;train;0
V0081;C:\Users\Prinzessin\projects\image_data\iChallenge_AMD_OD_Fovea_lesions\ADAM_400_testset\V0081.jpg;;train;0
V0073;C:\Users\Prinzessin\projects\image_data\iChallenge_AMD_OD_Fovea_lesions\ADAM_400_testset\V0073.jpg;;train;0
V0196;C:\Users\Prinzessin\projects\image_data\iChallenge_AMD_OD_Fovea_lesions\ADAM_400_testset\V0196.jpg;;train;0
V0365;C:\Users\Prinzessin\projects\image_data\iChallenge_AMD_OD_Fovea_lesions\ADAM_400_testset\V0365.jpg;;train;0
V0137;C:\Users\Prinzessin\projects\image_data\iChallenge_AMD_OD_Fovea_lesions\ADAM_400_testset\V0137.jpg;;train;0
V0143;C:\Users\Prinzessin\projects\image_data\iChallenge_AMD_OD_Fovea_lesions\ADAM_400_testset\V0143.jpg;;train;0
V0003;C:\Users\Prinzessin\projects\image_data\iChallenge_AMD_OD_Fovea_lesions\ADAM_400_testset\V0003.jpg;;train;0
V0078;C:\Users\Prinzessin\projects\image_data\iChallenge_AMD_OD_Fovea_lesions\ADAM_400_testset\V0078.jpg;;train;0
V0225;C:\Users\Prinzessin\projects\image_data\iChallenge_AMD_OD_Fovea_lesions\ADAM_400_testset\V0225.jpg;;train;0
V0274;C:\Users\Prinzessin\projects\image_data\iChallenge_AMD_OD_Fovea_lesions\ADAM_400_testset\V0274.jpg;;train;0
V0293;C:\Users\Prinzessin\projects\image_data\iChallenge_AMD_OD_Fovea_lesions\ADAM_400_testset\V0293.jpg;;train;0
V0193;C:\Users\Prinzessin\projects\image_data\iChallenge_AMD_OD_Fovea_lesions\ADAM_400_testset\V0193.jpg;;train;0
V0342;C:\Users\Prinzessin\projects\image_data\iChallenge_AMD_OD_Fovea_lesions\ADAM_400_testset\V0342.jpg;;train;0
V0399;C:\Users\Prinzessin\projects\image_data\iChallenge_AMD_OD_Fovea_lesions\ADAM_400_testset\V0399.jpg;;train;0
V0108;C:\Users\Prinzessin\projects\image_data\iChallenge_AMD_OD_Fovea_lesions\ADAM_400_testset\V0108.jpg;;train;0
V0362;C:\Users\Prinzessin\projects\image_data\iChallenge_AMD_OD_Fovea_lesions\ADAM_400_testset\V0362.jpg;;train;0
V0326;C:\Users\Prinzessin\projects\image_data\iChallenge_AMD_OD_Fovea_lesions\ADAM_400_testset\V0326.jpg;;train;0
V0397;C:\Users\Prinzessin\projects\image_data\iChallenge_AMD_OD_Fovea_lesions\ADAM_400_testset\V0397.jpg;;train;0
V0388;C:\Users\Prinzessin\projects\image_data\iChallenge_AMD_OD_Fovea_lesions\ADAM_400_testset\V0388.jpg;;train;0
V0220;C:\Users\Prinzessin\projects\image_data\iChallenge_AMD_OD_Fovea_lesions\ADAM_400_testset\V0220.jpg;;train;0
V0211;C:\Users\Prinzessin\projects\image_data\iChallenge_AMD_OD_Fovea_lesions\ADAM_400_testset\V0211.jpg;;train;0
V0007;C:\Users\Prinzessin\projects\image_data\iChallenge_AMD_OD_Fovea_lesions\ADAM_400_testset\V0007.jpg;;train;0
V0180;C:\Users\Prinzessin\projects\image_data\iChallenge_AMD_OD_Fovea_lesions\ADAM_400_testset\V0180.jpg;;train;0
V0024;C:\Users\Prinzessin\projects\image_data\iChallenge_AMD_OD_Fovea_lesions\ADAM_400_testset\V0024.jpg;;train;0
V0087;C:\Users\Prinzessin\projects\image_data\iChallenge_AMD_OD_Fovea_lesions\ADAM_400_testset\V0087.jpg;;train;0
V0112;C:\Users\Prinzessin\projects\image_data\iChallenge_AMD_OD_Fovea_lesions\ADAM_400_testset\V0112.jpg;;train;0
V0048;C:\Users\Prinzessin\projects\image_data\iChallenge_AMD_OD_Fovea_lesions\ADAM_400_testset\V0048.jpg;;train;0
V0025;C:\Users\Prinzessin\projects\image_data\iChallenge_AMD_OD_Fovea_lesions\ADAM_400_testset\V0025.jpg;;train;0
V0215;C:\Users\Prinzessin\projects\image_data\iChallenge_AMD_OD_Fovea_lesions\ADAM_400_testset\V0215.jpg;;train;0
V0289;C:\Users\Prinzessin\projects\image_data\iChallenge_AMD_OD_Fovea_lesions\ADAM_400_testset\V0289.jpg;;train;0
V0318;C:\Users\Prinzessin\projects\image_data\iChallenge_AMD_OD_Fovea_lesions\ADAM_400_testset\V0318.jpg;;train;0
V0118;C:\Users\Prinzessin\projects\image_data\iChallenge_AMD_OD_Fovea_lesions\ADAM_400_testset\V0118.jpg;;train;0
V0160;C:\Users\Prinzessin\projects\image_data\iChallenge_AMD_OD_Fovea_lesions\ADAM_400_testset\V0160.jpg;;train;0
V0174;C:\Users\Prinzessin\projects\image_data\iChallenge_AMD_OD_Fovea_lesions\ADAM_400_testset\V0174.jpg;;train;0
V0097;C:\Users\Prinzessin\projects\image_data\iChallenge_AMD_OD_Fovea_lesions\ADAM_400_testset\V0097.jpg;;train;0
V0027;C:\Users\Prinzessin\projects\image_data\iChallenge_AMD_OD_Fovea_lesions\ADAM_400_testset\V0027.jpg;;train;0
V0306;C:\Users\Prinzessin\projects\image_data\iChallenge_AMD_OD_Fovea_lesions\ADAM_400_testset\V0306.jpg;;train;0
V0304;C:\Users\Prinzessin\projects\image_data\iChallenge_AMD_OD_Fovea_lesions\ADAM_400_testset\V0304.jpg;;train;0
V0094;C:\Users\Prinzessin\projects\image_data\iChallenge_AMD_OD_Fovea_lesions\ADAM_400_testset\V0094.jpg;;train;0
V0152;C:\Users\Prinzessin\projects\image_data\iChallenge_AMD_OD_Fovea_lesions\ADAM_400_testset\V0152.jpg;;train;0
V0350;C:\Users\Prinzessin\projects\image_data\iChallenge_AMD_OD_Fovea_lesions\ADAM_400_testset\V0350.jpg;;train;0
V0111;C:\Users\Prinzessin\projects\image_data\iChallenge_AMD_OD_Fovea_lesions\ADAM_400_testset\V0111.jpg;;train;0
V0222;C:\Users\Prinzessin\projects\image_data\iChallenge_AMD_OD_Fovea_lesions\ADAM_400_testset\V0222.jpg;;train;0
V0166;C:\Users\Prinzessin\projects\image_data\iChallenge_AMD_OD_Fovea_lesions\ADAM_400_testset\V0166.jpg;;train;0
V0033;C:\Users\Prinzessin\projects\image_data\iChallenge_AMD_OD_Fovea_lesions\ADAM_400_testset\V0033.jpg;;train;0
V0383;C:\Users\Prinzessin\projects\image_data\iChallenge_AMD_OD_Fovea_lesions\ADAM_400_testset\V0383.jpg;;train;0
V0361;C:\Users\Prinzessin\projects\image_data\iChallenge_AMD_OD_Fovea_lesions\ADAM_400_testset\V0361.jpg;;train;0
