image_path;0;mode
C:\Users\Prinzessin\projects\image_data\iChallenge_AMD_OD_Fovea_lesions\images_non-AMD\N0207.jpg;C:\Users\Prinzessin\projects\image_data\iChallenge_AMD_OD_Fovea_lesions\Disc_Masks\N0207.bmp;train
C:\Users\Prinzessin\projects\image_data\iChallenge_AMD_OD_Fovea_lesions\images_non-AMD\N0151.jpg;C:\Users\Prinzessin\projects\image_data\iChallenge_AMD_OD_Fovea_lesions\Disc_Masks\N0151.bmp;train
C:\Users\Prinzessin\projects\image_data\iChallenge_AMD_OD_Fovea_lesions\images_non-AMD\N0188.jpg;C:\Users\Prinzessin\projects\image_data\iChallenge_AMD_OD_Fovea_lesions\Disc_Masks\N0188.bmp;train
C:\Users\Prinzessin\projects\image_data\iChallenge_AMD_OD_Fovea_lesions\images_non-AMD\N0137.jpg;C:\Users\Prinzessin\projects\image_data\iChallenge_AMD_OD_Fovea_lesions\Disc_Masks\N0137.bmp;train
C:\Users\Prinzessin\projects\image_data\iChallenge_AMD_OD_Fovea_lesions\images_non-AMD\N0009.jpg;C:\Users\Prinzessin\projects\image_data\iChallenge_AMD_OD_Fovea_lesions\Disc_Masks\N0009.bmp;train
C:\Users\Prinzessin\projects\image_data\iChallenge_AMD_OD_Fovea_lesions\images_non-AMD\N0239.jpg;C:\Users\Prinzessin\projects\image_data\iChallenge_AMD_OD_Fovea_lesions\Disc_Masks\N0239.bmp;train
C:\Users\Prinzessin\projects\image_data\iChallenge_AMD_OD_Fovea_lesions\images_non-AMD\N0013.jpg;C:\Users\Prinzessin\projects\image_data\iChallenge_AMD_OD_Fovea_lesions\Disc_Masks\N0013.bmp;train
C:\Users\Prinzessin\projects\image_data\iChallenge_AMD_OD_Fovea_lesions\images_non-AMD\N0062.jpg;C:\Users\Prinzessin\projects\image_data\iChallenge_AMD_OD_Fovea_lesions\Disc_Masks\N0062.bmp;train
C:\Users\Prinzessin\projects\image_data\iChallenge_AMD_OD_Fovea_lesions\images_non-AMD\N0028.jpg;C:\Users\Prinzessin\projects\image_data\iChallenge_AMD_OD_Fovea_lesions\Disc_Masks\N0028.bmp;train
C:\Users\Prinzessin\projects\image_data\iChallenge_AMD_OD_Fovea_lesions\images_non-AMD\N0205.jpg;C:\Users\Prinzessin\projects\image_data\iChallenge_AMD_OD_Fovea_lesions\Disc_Masks\N0205.bmp;train
C:\Users\Prinzessin\projects\image_data\iChallenge_AMD_OD_Fovea_lesions\images_non-AMD\N0097.jpg;C:\Users\Prinzessin\projects\image_data\iChallenge_AMD_OD_Fovea_lesions\Disc_Masks\N0097.bmp;train
C:\Users\Prinzessin\projects\image_data\iChallenge_AMD_OD_Fovea_lesions\images_non-AMD\N0104.jpg;C:\Users\Prinzessin\projects\image_data\iChallenge_AMD_OD_Fovea_lesions\Disc_Masks\N0104.bmp;train
C:\Users\Prinzessin\projects\image_data\iChallenge_AMD_OD_Fovea_lesions\images_non-AMD\N0050.jpg;C:\Users\Prinzessin\projects\image_data\iChallenge_AMD_OD_Fovea_lesions\Disc_Masks\N0050.bmp;train
C:\Users\Prinzessin\projects\image_data\iChallenge_AMD_OD_Fovea_lesions\images_non-AMD\N0087.jpg;C:\Users\Prinzessin\projects\image_data\iChallenge_AMD_OD_Fovea_lesions\Disc_Masks\N0087.bmp;train
C:\Users\Prinzessin\projects\image_data\iChallenge_AMD_OD_Fovea_lesions\images_non-AMD\N0049.jpg;C:\Users\Prinzessin\projects\image_data\iChallenge_AMD_OD_Fovea_lesions\Disc_Masks\N0049.bmp;train
C:\Users\Prinzessin\projects\image_data\iChallenge_AMD_OD_Fovea_lesions\images_non-AMD\N0024.jpg;C:\Users\Prinzessin\projects\image_data\iChallenge_AMD_OD_Fovea_lesions\Disc_Masks\N0024.bmp;train
C:\Users\Prinzessin\projects\image_data\iChallenge_AMD_OD_Fovea_lesions\images_non-AMD\N0297.jpg;C:\Users\Prinzessin\projects\image_data\iChallenge_AMD_OD_Fovea_lesions\Disc_Masks\N0297.bmp;train
C:\Users\Prinzessin\projects\image_data\iChallenge_AMD_OD_Fovea_lesions\images_non-AMD\N0214.jpg;C:\Users\Prinzessin\projects\image_data\iChallenge_AMD_OD_Fovea_lesions\Disc_Masks\N0214.bmp;train
C:\Users\Prinzessin\projects\image_data\iChallenge_AMD_OD_Fovea_lesions\images_non-AMD\N0240.jpg;C:\Users\Prinzessin\projects\image_data\iChallenge_AMD_OD_Fovea_lesions\Disc_Masks\N0240.bmp;train
C:\Users\Prinzessin\projects\image_data\iChallenge_AMD_OD_Fovea_lesions\images_non-AMD\N0206.jpg;C:\Users\Prinzessin\projects\image_data\iChallenge_AMD_OD_Fovea_lesions\Disc_Masks\N0206.bmp;train
C:\Users\Prinzessin\projects\image_data\iChallenge_AMD_OD_Fovea_lesions\images_non-AMD\N0223.jpg;C:\Users\Prinzessin\projects\image_data\iChallenge_AMD_OD_Fovea_lesions\Disc_Masks\N0223.bmp;train
C:\Users\Prinzessin\projects\image_data\iChallenge_AMD_OD_Fovea_lesions\images_non-AMD\N0255.jpg;C:\Users\Prinzessin\projects\image_data\iChallenge_AMD_OD_Fovea_lesions\Disc_Masks\N0255.bmp;train
C:\Users\Prinzessin\projects\image_data\iChallenge_AMD_OD_Fovea_lesions\images_non-AMD\N0138.jpg;C:\Users\Prinzessin\projects\image_data\iChallenge_AMD_OD_Fovea_lesions\Disc_Masks\N0138.bmp;train
C:\Users\Prinzessin\projects\image_data\iChallenge_AMD_OD_Fovea_lesions\images_non-AMD\N0093.jpg;C:\Users\Prinzessin\projects\image_data\iChallenge_AMD_OD_Fovea_lesions\Disc_Masks\N0093.bmp;train
C:\Users\Prinzessin\projects\image_data\iChallenge_AMD_OD_Fovea_lesions\images_non-AMD\N0025.jpg;C:\Users\Prinzessin\projects\image_data\iChallenge_AMD_OD_Fovea_lesions\Disc_Masks\N0025.bmp;train
C:\Users\Prinzessin\projects\image_data\iChallenge_AMD_OD_Fovea_lesions\images_non-AMD\N0002.jpg;C:\Users\Prinzessin\projects\image_data\iChallenge_AMD_OD_Fovea_lesions\Disc_Masks\N0002.bmp;train
C:\Users\Prinzessin\projects\image_data\iChallenge_AMD_OD_Fovea_lesions\images_non-AMD\N0215.jpg;C:\Users\Prinzessin\projects\image_data\iChallenge_AMD_OD_Fovea_lesions\Disc_Masks\N0215.bmp;train
C:\Users\Prinzessin\projects\image_data\iChallenge_AMD_OD_Fovea_lesions\images_non-AMD\N0003.jpg;C:\Users\Prinzessin\projects\image_data\iChallenge_AMD_OD_Fovea_lesions\Disc_Masks\N0003.bmp;train
C:\Users\Prinzessin\projects\image_data\iChallenge_AMD_OD_Fovea_lesions\images_non-AMD\N0164.jpg;C:\Users\Prinzessin\projects\image_data\iChallenge_AMD_OD_Fovea_lesions\Disc_Masks\N0164.bmp;train
C:\Users\Prinzessin\projects\image_data\iChallenge_AMD_OD_Fovea_lesions\images_non-AMD\N0037.jpg;C:\Users\Prinzessin\projects\image_data\iChallenge_AMD_OD_Fovea_lesions\Disc_Masks\N0037.bmp;train
C:\Users\Prinzessin\projects\image_data\iChallenge_AMD_OD_Fovea_lesions\images_non-AMD\N0007.jpg;C:\Users\Prinzessin\projects\image_data\iChallenge_AMD_OD_Fovea_lesions\Disc_Masks\N0007.bmp;train
C:\Users\Prinzessin\projects\image_data\iChallenge_AMD_OD_Fovea_lesions\images_non-AMD\N0018.jpg;C:\Users\Prinzessin\projects\image_data\iChallenge_AMD_OD_Fovea_lesions\Disc_Masks\N0018.bmp;train
C:\Users\Prinzessin\projects\image_data\iChallenge_AMD_OD_Fovea_lesions\images_non-AMD\N0256.jpg;C:\Users\Prinzessin\projects\image_data\iChallenge_AMD_OD_Fovea_lesions\Disc_Masks\N0256.bmp;train
C:\Users\Prinzessin\projects\image_data\iChallenge_AMD_OD_Fovea_lesions\images_non-AMD\N0191.jpg;C:\Users\Prinzessin\projects\image_data\iChallenge_AMD_OD_Fovea_lesions\Disc_Masks\N0191.bmp;train
C:\Users\Prinzessin\projects\image_data\iChallenge_AMD_OD_Fovea_lesions\images_non-AMD\N0091.jpg;C:\Users\Prinzessin\projects\image_data\iChallenge_AMD_OD_Fovea_lesions\Disc_Masks\N0091.bmp;train
C:\Users\Prinzessin\projects\image_data\iChallenge_AMD_OD_Fovea_lesions\images_non-AMD\N0144.jpg;C:\Users\Prinzessin\projects\image_data\iChallenge_AMD_OD_Fovea_lesions\Disc_Masks\N0144.bmp;train
C:\Users\Prinzessin\projects\image_data\iChallenge_AMD_OD_Fovea_lesions\images_non-AMD\N0076.jpg;C:\Users\Prinzessin\projects\image_data\iChallenge_AMD_OD_Fovea_lesions\Disc_Masks\N0076.bmp;train
C:\Users\Prinzessin\projects\image_data\iChallenge_AMD_OD_Fovea_lesions\images_non-AMD\N0227.jpg;C:\Users\Prinzessin\projects\image_data\iChallenge_AMD_OD_Fovea_lesions\Disc_Masks\N0227.bmp;train
C:\Users\Prinzessin\projects\image_data\iChallenge_AMD_OD_Fovea_lesions\images_non-AMD\N0038.jpg;C:\Users\Prinzessin\projects\image_data\iChallenge_AMD_OD_Fovea_lesions\Disc_Masks\N0038.bmp;train
C:\Users\Prinzessin\projects\image_data\iChallenge_AMD_OD_Fovea_lesions\images_non-AMD\N0193.jpg;C:\Users\Prinzessin\projects\image_data\iChallenge_AMD_OD_Fovea_lesions\Disc_Masks\N0193.bmp;train
C:\Users\Prinzessin\projects\image_data\iChallenge_AMD_OD_Fovea_lesions\images_non-AMD\N0294.jpg;C:\Users\Prinzessin\projects\image_data\iChallenge_AMD_OD_Fovea_lesions\Disc_Masks\N0294.bmp;train
C:\Users\Prinzessin\projects\image_data\iChallenge_AMD_OD_Fovea_lesions\images_non-AMD\N0122.jpg;C:\Users\Prinzessin\projects\image_data\iChallenge_AMD_OD_Fovea_lesions\Disc_Masks\N0122.bmp;train
C:\Users\Prinzessin\projects\image_data\iChallenge_AMD_OD_Fovea_lesions\images_non-AMD\N0014.jpg;C:\Users\Prinzessin\projects\image_data\iChallenge_AMD_OD_Fovea_lesions\Disc_Masks\N0014.bmp;train
C:\Users\Prinzessin\projects\image_data\iChallenge_AMD_OD_Fovea_lesions\images_non-AMD\N0252.jpg;C:\Users\Prinzessin\projects\image_data\iChallenge_AMD_OD_Fovea_lesions\Disc_Masks\N0252.bmp;train
C:\Users\Prinzessin\projects\image_data\iChallenge_AMD_OD_Fovea_lesions\images_non-AMD\N0096.jpg;C:\Users\Prinzessin\projects\image_data\iChallenge_AMD_OD_Fovea_lesions\Disc_Masks\N0096.bmp;train
C:\Users\Prinzessin\projects\image_data\iChallenge_AMD_OD_Fovea_lesions\images_non-AMD\N0143.jpg;C:\Users\Prinzessin\projects\image_data\iChallenge_AMD_OD_Fovea_lesions\Disc_Masks\N0143.bmp;train
C:\Users\Prinzessin\projects\image_data\iChallenge_AMD_OD_Fovea_lesions\images_non-AMD\N0088.jpg;C:\Users\Prinzessin\projects\image_data\iChallenge_AMD_OD_Fovea_lesions\Disc_Masks\N0088.bmp;train
C:\Users\Prinzessin\projects\image_data\iChallenge_AMD_OD_Fovea_lesions\images_non-AMD\N0065.jpg;C:\Users\Prinzessin\projects\image_data\iChallenge_AMD_OD_Fovea_lesions\Disc_Masks\N0065.bmp;train
C:\Users\Prinzessin\projects\image_data\iChallenge_AMD_OD_Fovea_lesions\images_non-AMD\N0286.jpg;C:\Users\Prinzessin\projects\image_data\iChallenge_AMD_OD_Fovea_lesions\Disc_Masks\N0286.bmp;train
C:\Users\Prinzessin\projects\image_data\iChallenge_AMD_OD_Fovea_lesions\images_non-AMD\N0263.jpg;C:\Users\Prinzessin\projects\image_data\iChallenge_AMD_OD_Fovea_lesions\Disc_Masks\N0263.bmp;train
C:\Users\Prinzessin\projects\image_data\iChallenge_AMD_OD_Fovea_lesions\images_non-AMD\N0063.jpg;C:\Users\Prinzessin\projects\image_data\iChallenge_AMD_OD_Fovea_lesions\Disc_Masks\N0063.bmp;train
C:\Users\Prinzessin\projects\image_data\iChallenge_AMD_OD_Fovea_lesions\images_non-AMD\N0114.jpg;C:\Users\Prinzessin\projects\image_data\iChallenge_AMD_OD_Fovea_lesions\Disc_Masks\N0114.bmp;train
C:\Users\Prinzessin\projects\image_data\iChallenge_AMD_OD_Fovea_lesions\images_non-AMD\N0066.jpg;C:\Users\Prinzessin\projects\image_data\iChallenge_AMD_OD_Fovea_lesions\Disc_Masks\N0066.bmp;train
C:\Users\Prinzessin\projects\image_data\iChallenge_AMD_OD_Fovea_lesions\images_non-AMD\N0178.jpg;C:\Users\Prinzessin\projects\image_data\iChallenge_AMD_OD_Fovea_lesions\Disc_Masks\N0178.bmp;train
C:\Users\Prinzessin\projects\image_data\iChallenge_AMD_OD_Fovea_lesions\images_non-AMD\N0257.jpg;C:\Users\Prinzessin\projects\image_data\iChallenge_AMD_OD_Fovea_lesions\Disc_Masks\N0257.bmp;train
C:\Users\Prinzessin\projects\image_data\iChallenge_AMD_OD_Fovea_lesions\images_non-AMD\N0061.jpg;C:\Users\Prinzessin\projects\image_data\iChallenge_AMD_OD_Fovea_lesions\Disc_Masks\N0061.bmp;train
C:\Users\Prinzessin\projects\image_data\iChallenge_AMD_OD_Fovea_lesions\images_non-AMD\N0136.jpg;C:\Users\Prinzessin\projects\image_data\iChallenge_AMD_OD_Fovea_lesions\Disc_Masks\N0136.bmp;train
C:\Users\Prinzessin\projects\image_data\iChallenge_AMD_OD_Fovea_lesions\images_non-AMD\N0217.jpg;C:\Users\Prinzessin\projects\image_data\iChallenge_AMD_OD_Fovea_lesions\Disc_Masks\N0217.bmp;train
C:\Users\Prinzessin\projects\image_data\iChallenge_AMD_OD_Fovea_lesions\images_non-AMD\N0265.jpg;C:\Users\Prinzessin\projects\image_data\iChallenge_AMD_OD_Fovea_lesions\Disc_Masks\N0265.bmp;train
C:\Users\Prinzessin\projects\image_data\iChallenge_AMD_OD_Fovea_lesions\images_non-AMD\N0016.jpg;C:\Users\Prinzessin\projects\image_data\iChallenge_AMD_OD_Fovea_lesions\Disc_Masks\N0016.bmp;train
C:\Users\Prinzessin\projects\image_data\iChallenge_AMD_OD_Fovea_lesions\images_non-AMD\N0186.jpg;C:\Users\Prinzessin\projects\image_data\iChallenge_AMD_OD_Fovea_lesions\Disc_Masks\N0186.bmp;train
C:\Users\Prinzessin\projects\image_data\iChallenge_AMD_OD_Fovea_lesions\images_non-AMD\N0225.jpg;C:\Users\Prinzessin\projects\image_data\iChallenge_AMD_OD_Fovea_lesions\Disc_Masks\N0225.bmp;train
C:\Users\Prinzessin\projects\image_data\iChallenge_AMD_OD_Fovea_lesions\images_non-AMD\N0021.jpg;C:\Users\Prinzessin\projects\image_data\iChallenge_AMD_OD_Fovea_lesions\Disc_Masks\N0021.bmp;train
C:\Users\Prinzessin\projects\image_data\iChallenge_AMD_OD_Fovea_lesions\images_non-AMD\N0161.jpg;C:\Users\Prinzessin\projects\image_data\iChallenge_AMD_OD_Fovea_lesions\Disc_Masks\N0161.bmp;train
C:\Users\Prinzessin\projects\image_data\iChallenge_AMD_OD_Fovea_lesions\images_non-AMD\N0254.jpg;C:\Users\Prinzessin\projects\image_data\iChallenge_AMD_OD_Fovea_lesions\Disc_Masks\N0254.bmp;train
C:\Users\Prinzessin\projects\image_data\iChallenge_AMD_OD_Fovea_lesions\images_non-AMD\N0250.jpg;C:\Users\Prinzessin\projects\image_data\iChallenge_AMD_OD_Fovea_lesions\Disc_Masks\N0250.bmp;train
C:\Users\Prinzessin\projects\image_data\iChallenge_AMD_OD_Fovea_lesions\images_non-AMD\N0201.jpg;C:\Users\Prinzessin\projects\image_data\iChallenge_AMD_OD_Fovea_lesions\Disc_Masks\N0201.bmp;train
C:\Users\Prinzessin\projects\image_data\iChallenge_AMD_OD_Fovea_lesions\images_non-AMD\N0244.jpg;C:\Users\Prinzessin\projects\image_data\iChallenge_AMD_OD_Fovea_lesions\Disc_Masks\N0244.bmp;train
C:\Users\Prinzessin\projects\image_data\iChallenge_AMD_OD_Fovea_lesions\images_non-AMD\N0279.jpg;C:\Users\Prinzessin\projects\image_data\iChallenge_AMD_OD_Fovea_lesions\Disc_Masks\N0279.bmp;train
C:\Users\Prinzessin\projects\image_data\iChallenge_AMD_OD_Fovea_lesions\images_non-AMD\N0243.jpg;C:\Users\Prinzessin\projects\image_data\iChallenge_AMD_OD_Fovea_lesions\Disc_Masks\N0243.bmp;train
C:\Users\Prinzessin\projects\image_data\iChallenge_AMD_OD_Fovea_lesions\images_non-AMD\N0150.jpg;C:\Users\Prinzessin\projects\image_data\iChallenge_AMD_OD_Fovea_lesions\Disc_Masks\N0150.bmp;train
C:\Users\Prinzessin\projects\image_data\iChallenge_AMD_OD_Fovea_lesions\images_non-AMD\N0241.jpg;C:\Users\Prinzessin\projects\image_data\iChallenge_AMD_OD_Fovea_lesions\Disc_Masks\N0241.bmp;train
C:\Users\Prinzessin\projects\image_data\iChallenge_AMD_OD_Fovea_lesions\images_non-AMD\N0190.jpg;C:\Users\Prinzessin\projects\image_data\iChallenge_AMD_OD_Fovea_lesions\Disc_Masks\N0190.bmp;train
C:\Users\Prinzessin\projects\image_data\iChallenge_AMD_OD_Fovea_lesions\images_non-AMD\N0270.jpg;C:\Users\Prinzessin\projects\image_data\iChallenge_AMD_OD_Fovea_lesions\Disc_Masks\N0270.bmp;train
C:\Users\Prinzessin\projects\image_data\iChallenge_AMD_OD_Fovea_lesions\images_non-AMD\N0180.jpg;C:\Users\Prinzessin\projects\image_data\iChallenge_AMD_OD_Fovea_lesions\Disc_Masks\N0180.bmp;train
C:\Users\Prinzessin\projects\image_data\iChallenge_AMD_OD_Fovea_lesions\images_non-AMD\N0133.jpg;C:\Users\Prinzessin\projects\image_data\iChallenge_AMD_OD_Fovea_lesions\Disc_Masks\N0133.bmp;train
C:\Users\Prinzessin\projects\image_data\iChallenge_AMD_OD_Fovea_lesions\images_non-AMD\N0145.jpg;C:\Users\Prinzessin\projects\image_data\iChallenge_AMD_OD_Fovea_lesions\Disc_Masks\N0145.bmp;train
C:\Users\Prinzessin\projects\image_data\iChallenge_AMD_OD_Fovea_lesions\images_non-AMD\N0309.jpg;C:\Users\Prinzessin\projects\image_data\iChallenge_AMD_OD_Fovea_lesions\Disc_Masks\N0309.bmp;train
C:\Users\Prinzessin\projects\image_data\iChallenge_AMD_OD_Fovea_lesions\images_non-AMD\N0118.jpg;C:\Users\Prinzessin\projects\image_data\iChallenge_AMD_OD_Fovea_lesions\Disc_Masks\N0118.bmp;train
C:\Users\Prinzessin\projects\image_data\iChallenge_AMD_OD_Fovea_lesions\images_non-AMD\N0283.jpg;C:\Users\Prinzessin\projects\image_data\iChallenge_AMD_OD_Fovea_lesions\Disc_Masks\N0283.bmp;train
C:\Users\Prinzessin\projects\image_data\iChallenge_AMD_OD_Fovea_lesions\images_non-AMD\N0099.jpg;C:\Users\Prinzessin\projects\image_data\iChallenge_AMD_OD_Fovea_lesions\Disc_Masks\N0099.bmp;train
C:\Users\Prinzessin\projects\image_data\iChallenge_AMD_OD_Fovea_lesions\images_non-AMD\N0017.jpg;C:\Users\Prinzessin\projects\image_data\iChallenge_AMD_OD_Fovea_lesions\Disc_Masks\N0017.bmp;train
C:\Users\Prinzessin\projects\image_data\iChallenge_AMD_OD_Fovea_lesions\images_non-AMD\N0276.jpg;C:\Users\Prinzessin\projects\image_data\iChallenge_AMD_OD_Fovea_lesions\Disc_Masks\N0276.bmp;train
C:\Users\Prinzessin\projects\image_data\iChallenge_AMD_OD_Fovea_lesions\images_non-AMD\N0102.jpg;C:\Users\Prinzessin\projects\image_data\iChallenge_AMD_OD_Fovea_lesions\Disc_Masks\N0102.bmp;train
C:\Users\Prinzessin\projects\image_data\iChallenge_AMD_OD_Fovea_lesions\images_non-AMD\N0305.jpg;C:\Users\Prinzessin\projects\image_data\iChallenge_AMD_OD_Fovea_lesions\Disc_Masks\N0305.bmp;train
C:\Users\Prinzessin\projects\image_data\iChallenge_AMD_OD_Fovea_lesions\images_non-AMD\N0237.jpg;C:\Users\Prinzessin\projects\image_data\iChallenge_AMD_OD_Fovea_lesions\Disc_Masks\N0237.bmp;train
C:\Users\Prinzessin\projects\image_data\iChallenge_AMD_OD_Fovea_lesions\images_non-AMD\N0218.jpg;C:\Users\Prinzessin\projects\image_data\iChallenge_AMD_OD_Fovea_lesions\Disc_Masks\N0218.bmp;train
C:\Users\Prinzessin\projects\image_data\iChallenge_AMD_OD_Fovea_lesions\images_non-AMD\N0302.jpg;C:\Users\Prinzessin\projects\image_data\iChallenge_AMD_OD_Fovea_lesions\Disc_Masks\N0302.bmp;train
C:\Users\Prinzessin\projects\image_data\iChallenge_AMD_OD_Fovea_lesions\images_non-AMD\N0253.jpg;C:\Users\Prinzessin\projects\image_data\iChallenge_AMD_OD_Fovea_lesions\Disc_Masks\N0253.bmp;train
C:\Users\Prinzessin\projects\image_data\iChallenge_AMD_OD_Fovea_lesions\images_non-AMD\N0079.jpg;C:\Users\Prinzessin\projects\image_data\iChallenge_AMD_OD_Fovea_lesions\Disc_Masks\N0079.bmp;train
C:\Users\Prinzessin\projects\image_data\iChallenge_AMD_OD_Fovea_lesions\images_non-AMD\N0139.jpg;C:\Users\Prinzessin\projects\image_data\iChallenge_AMD_OD_Fovea_lesions\Disc_Masks\N0139.bmp;train
C:\Users\Prinzessin\projects\image_data\iChallenge_AMD_OD_Fovea_lesions\images_non-AMD\N0075.jpg;C:\Users\Prinzessin\projects\image_data\iChallenge_AMD_OD_Fovea_lesions\Disc_Masks\N0075.bmp;train
C:\Users\Prinzessin\projects\image_data\iChallenge_AMD_OD_Fovea_lesions\images_non-AMD\N0175.jpg;C:\Users\Prinzessin\projects\image_data\iChallenge_AMD_OD_Fovea_lesions\Disc_Masks\N0175.bmp;train
C:\Users\Prinzessin\projects\image_data\iChallenge_AMD_OD_Fovea_lesions\images_non-AMD\N0187.jpg;C:\Users\Prinzessin\projects\image_data\iChallenge_AMD_OD_Fovea_lesions\Disc_Masks\N0187.bmp;train
C:\Users\Prinzessin\projects\image_data\iChallenge_AMD_OD_Fovea_lesions\images_non-AMD\N0285.jpg;C:\Users\Prinzessin\projects\image_data\iChallenge_AMD_OD_Fovea_lesions\Disc_Masks\N0285.bmp;train
C:\Users\Prinzessin\projects\image_data\iChallenge_AMD_OD_Fovea_lesions\images_non-AMD\N0055.jpg;C:\Users\Prinzessin\projects\image_data\iChallenge_AMD_OD_Fovea_lesions\Disc_Masks\N0055.bmp;train
C:\Users\Prinzessin\projects\image_data\iChallenge_AMD_OD_Fovea_lesions\images_non-AMD\N0185.jpg;C:\Users\Prinzessin\projects\image_data\iChallenge_AMD_OD_Fovea_lesions\Disc_Masks\N0185.bmp;train
C:\Users\Prinzessin\projects\image_data\iChallenge_AMD_OD_Fovea_lesions\images_non-AMD\N0275.jpg;C:\Users\Prinzessin\projects\image_data\iChallenge_AMD_OD_Fovea_lesions\Disc_Masks\N0275.bmp;train
C:\Users\Prinzessin\projects\image_data\iChallenge_AMD_OD_Fovea_lesions\images_non-AMD\N0041.jpg;C:\Users\Prinzessin\projects\image_data\iChallenge_AMD_OD_Fovea_lesions\Disc_Masks\N0041.bmp;train
C:\Users\Prinzessin\projects\image_data\iChallenge_AMD_OD_Fovea_lesions\images_non-AMD\N0177.jpg;C:\Users\Prinzessin\projects\image_data\iChallenge_AMD_OD_Fovea_lesions\Disc_Masks\N0177.bmp;train
C:\Users\Prinzessin\projects\image_data\iChallenge_AMD_OD_Fovea_lesions\images_non-AMD\N0281.jpg;C:\Users\Prinzessin\projects\image_data\iChallenge_AMD_OD_Fovea_lesions\Disc_Masks\N0281.bmp;train
C:\Users\Prinzessin\projects\image_data\iChallenge_AMD_OD_Fovea_lesions\images_non-AMD\N0120.jpg;C:\Users\Prinzessin\projects\image_data\iChallenge_AMD_OD_Fovea_lesions\Disc_Masks\N0120.bmp;train
C:\Users\Prinzessin\projects\image_data\iChallenge_AMD_OD_Fovea_lesions\images_non-AMD\N0129.jpg;C:\Users\Prinzessin\projects\image_data\iChallenge_AMD_OD_Fovea_lesions\Disc_Masks\N0129.bmp;train
C:\Users\Prinzessin\projects\image_data\iChallenge_AMD_OD_Fovea_lesions\images_non-AMD\N0298.jpg;C:\Users\Prinzessin\projects\image_data\iChallenge_AMD_OD_Fovea_lesions\Disc_Masks\N0298.bmp;train
C:\Users\Prinzessin\projects\image_data\iChallenge_AMD_OD_Fovea_lesions\images_non-AMD\N0208.jpg;C:\Users\Prinzessin\projects\image_data\iChallenge_AMD_OD_Fovea_lesions\Disc_Masks\N0208.bmp;train
C:\Users\Prinzessin\projects\image_data\iChallenge_AMD_OD_Fovea_lesions\images_non-AMD\N0146.jpg;C:\Users\Prinzessin\projects\image_data\iChallenge_AMD_OD_Fovea_lesions\Disc_Masks\N0146.bmp;train
C:\Users\Prinzessin\projects\image_data\iChallenge_AMD_OD_Fovea_lesions\images_non-AMD\N0181.jpg;C:\Users\Prinzessin\projects\image_data\iChallenge_AMD_OD_Fovea_lesions\Disc_Masks\N0181.bmp;train
C:\Users\Prinzessin\projects\image_data\iChallenge_AMD_OD_Fovea_lesions\images_non-AMD\N0140.jpg;C:\Users\Prinzessin\projects\image_data\iChallenge_AMD_OD_Fovea_lesions\Disc_Masks\N0140.bmp;train
C:\Users\Prinzessin\projects\image_data\iChallenge_AMD_OD_Fovea_lesions\images_non-AMD\N0210.jpg;C:\Users\Prinzessin\projects\image_data\iChallenge_AMD_OD_Fovea_lesions\Disc_Masks\N0210.bmp;train
C:\Users\Prinzessin\projects\image_data\iChallenge_AMD_OD_Fovea_lesions\images_non-AMD\N0130.jpg;C:\Users\Prinzessin\projects\image_data\iChallenge_AMD_OD_Fovea_lesions\Disc_Masks\N0130.bmp;train
C:\Users\Prinzessin\projects\image_data\iChallenge_AMD_OD_Fovea_lesions\images_non-AMD\N0034.jpg;C:\Users\Prinzessin\projects\image_data\iChallenge_AMD_OD_Fovea_lesions\Disc_Masks\N0034.bmp;train
C:\Users\Prinzessin\projects\image_data\iChallenge_AMD_OD_Fovea_lesions\images_non-AMD\N0067.jpg;C:\Users\Prinzessin\projects\image_data\iChallenge_AMD_OD_Fovea_lesions\Disc_Masks\N0067.bmp;train
C:\Users\Prinzessin\projects\image_data\iChallenge_AMD_OD_Fovea_lesions\images_non-AMD\N0011.jpg;C:\Users\Prinzessin\projects\image_data\iChallenge_AMD_OD_Fovea_lesions\Disc_Masks\N0011.bmp;train
C:\Users\Prinzessin\projects\image_data\iChallenge_AMD_OD_Fovea_lesions\images_non-AMD\N0290.jpg;C:\Users\Prinzessin\projects\image_data\iChallenge_AMD_OD_Fovea_lesions\Disc_Masks\N0290.bmp;train
C:\Users\Prinzessin\projects\image_data\iChallenge_AMD_OD_Fovea_lesions\images_non-AMD\N0258.jpg;C:\Users\Prinzessin\projects\image_data\iChallenge_AMD_OD_Fovea_lesions\Disc_Masks\N0258.bmp;train
C:\Users\Prinzessin\projects\image_data\iChallenge_AMD_OD_Fovea_lesions\images_non-AMD\N0235.jpg;C:\Users\Prinzessin\projects\image_data\iChallenge_AMD_OD_Fovea_lesions\Disc_Masks\N0235.bmp;train
C:\Users\Prinzessin\projects\image_data\iChallenge_AMD_OD_Fovea_lesions\images_non-AMD\N0289.jpg;C:\Users\Prinzessin\projects\image_data\iChallenge_AMD_OD_Fovea_lesions\Disc_Masks\N0289.bmp;train
C:\Users\Prinzessin\projects\image_data\iChallenge_AMD_OD_Fovea_lesions\images_non-AMD\N0147.jpg;C:\Users\Prinzessin\projects\image_data\iChallenge_AMD_OD_Fovea_lesions\Disc_Masks\N0147.bmp;train
C:\Users\Prinzessin\projects\image_data\iChallenge_AMD_OD_Fovea_lesions\images_non-AMD\N0198.jpg;C:\Users\Prinzessin\projects\image_data\iChallenge_AMD_OD_Fovea_lesions\Disc_Masks\N0198.bmp;train
C:\Users\Prinzessin\projects\image_data\iChallenge_AMD_OD_Fovea_lesions\images_non-AMD\N0012.jpg;C:\Users\Prinzessin\projects\image_data\iChallenge_AMD_OD_Fovea_lesions\Disc_Masks\N0012.bmp;train
C:\Users\Prinzessin\projects\image_data\iChallenge_AMD_OD_Fovea_lesions\images_non-AMD\N0046.jpg;C:\Users\Prinzessin\projects\image_data\iChallenge_AMD_OD_Fovea_lesions\Disc_Masks\N0046.bmp;train
C:\Users\Prinzessin\projects\image_data\iChallenge_AMD_OD_Fovea_lesions\images_non-AMD\N0230.jpg;C:\Users\Prinzessin\projects\image_data\iChallenge_AMD_OD_Fovea_lesions\Disc_Masks\N0230.bmp;train
C:\Users\Prinzessin\projects\image_data\iChallenge_AMD_OD_Fovea_lesions\images_non-AMD\N0042.jpg;C:\Users\Prinzessin\projects\image_data\iChallenge_AMD_OD_Fovea_lesions\Disc_Masks\N0042.bmp;train
C:\Users\Prinzessin\projects\image_data\iChallenge_AMD_OD_Fovea_lesions\images_non-AMD\N0027.jpg;C:\Users\Prinzessin\projects\image_data\iChallenge_AMD_OD_Fovea_lesions\Disc_Masks\N0027.bmp;train
C:\Users\Prinzessin\projects\image_data\iChallenge_AMD_OD_Fovea_lesions\images_non-AMD\N0172.jpg;C:\Users\Prinzessin\projects\image_data\iChallenge_AMD_OD_Fovea_lesions\Disc_Masks\N0172.bmp;train
C:\Users\Prinzessin\projects\image_data\iChallenge_AMD_OD_Fovea_lesions\images_non-AMD\N0121.jpg;C:\Users\Prinzessin\projects\image_data\iChallenge_AMD_OD_Fovea_lesions\Disc_Masks\N0121.bmp;train
C:\Users\Prinzessin\projects\image_data\iChallenge_AMD_OD_Fovea_lesions\images_non-AMD\N0032.jpg;C:\Users\Prinzessin\projects\image_data\iChallenge_AMD_OD_Fovea_lesions\Disc_Masks\N0032.bmp;train
C:\Users\Prinzessin\projects\image_data\iChallenge_AMD_OD_Fovea_lesions\images_non-AMD\N0212.jpg;C:\Users\Prinzessin\projects\image_data\iChallenge_AMD_OD_Fovea_lesions\Disc_Masks\N0212.bmp;train
C:\Users\Prinzessin\projects\image_data\iChallenge_AMD_OD_Fovea_lesions\images_non-AMD\N0149.jpg;C:\Users\Prinzessin\projects\image_data\iChallenge_AMD_OD_Fovea_lesions\Disc_Masks\N0149.bmp;train
C:\Users\Prinzessin\projects\image_data\iChallenge_AMD_OD_Fovea_lesions\images_non-AMD\N0035.jpg;C:\Users\Prinzessin\projects\image_data\iChallenge_AMD_OD_Fovea_lesions\Disc_Masks\N0035.bmp;train
C:\Users\Prinzessin\projects\image_data\iChallenge_AMD_OD_Fovea_lesions\images_non-AMD\N0142.jpg;C:\Users\Prinzessin\projects\image_data\iChallenge_AMD_OD_Fovea_lesions\Disc_Masks\N0142.bmp;train
C:\Users\Prinzessin\projects\image_data\iChallenge_AMD_OD_Fovea_lesions\images_non-AMD\N0092.jpg;C:\Users\Prinzessin\projects\image_data\iChallenge_AMD_OD_Fovea_lesions\Disc_Masks\N0092.bmp;train
C:\Users\Prinzessin\projects\image_data\iChallenge_AMD_OD_Fovea_lesions\images_non-AMD\N0155.jpg;C:\Users\Prinzessin\projects\image_data\iChallenge_AMD_OD_Fovea_lesions\Disc_Masks\N0155.bmp;train
C:\Users\Prinzessin\projects\image_data\iChallenge_AMD_OD_Fovea_lesions\images_non-AMD\N0058.jpg;C:\Users\Prinzessin\projects\image_data\iChallenge_AMD_OD_Fovea_lesions\Disc_Masks\N0058.bmp;train
C:\Users\Prinzessin\projects\image_data\iChallenge_AMD_OD_Fovea_lesions\images_non-AMD\N0233.jpg;C:\Users\Prinzessin\projects\image_data\iChallenge_AMD_OD_Fovea_lesions\Disc_Masks\N0233.bmp;train
C:\Users\Prinzessin\projects\image_data\iChallenge_AMD_OD_Fovea_lesions\images_non-AMD\N0109.jpg;C:\Users\Prinzessin\projects\image_data\iChallenge_AMD_OD_Fovea_lesions\Disc_Masks\N0109.bmp;train
C:\Users\Prinzessin\projects\image_data\iChallenge_AMD_OD_Fovea_lesions\images_non-AMD\N0072.jpg;C:\Users\Prinzessin\projects\image_data\iChallenge_AMD_OD_Fovea_lesions\Disc_Masks\N0072.bmp;train
C:\Users\Prinzessin\projects\image_data\iChallenge_AMD_OD_Fovea_lesions\images_non-AMD\N0157.jpg;C:\Users\Prinzessin\projects\image_data\iChallenge_AMD_OD_Fovea_lesions\Disc_Masks\N0157.bmp;train
C:\Users\Prinzessin\projects\image_data\iChallenge_AMD_OD_Fovea_lesions\images_non-AMD\N0224.jpg;C:\Users\Prinzessin\projects\image_data\iChallenge_AMD_OD_Fovea_lesions\Disc_Masks\N0224.bmp;train
C:\Users\Prinzessin\projects\image_data\iChallenge_AMD_OD_Fovea_lesions\images_non-AMD\N0116.jpg;C:\Users\Prinzessin\projects\image_data\iChallenge_AMD_OD_Fovea_lesions\Disc_Masks\N0116.bmp;train
C:\Users\Prinzessin\projects\image_data\iChallenge_AMD_OD_Fovea_lesions\images_non-AMD\N0031.jpg;C:\Users\Prinzessin\projects\image_data\iChallenge_AMD_OD_Fovea_lesions\Disc_Masks\N0031.bmp;train
C:\Users\Prinzessin\projects\image_data\iChallenge_AMD_OD_Fovea_lesions\images_non-AMD\N0036.jpg;C:\Users\Prinzessin\projects\image_data\iChallenge_AMD_OD_Fovea_lesions\Disc_Masks\N0036.bmp;train
C:\Users\Prinzessin\projects\image_data\iChallenge_AMD_OD_Fovea_lesions\images_non-AMD\N0073.jpg;C:\Users\Prinzessin\projects\image_data\iChallenge_AMD_OD_Fovea_lesions\Disc_Masks\N0073.bmp;train
C:\Users\Prinzessin\projects\image_data\iChallenge_AMD_OD_Fovea_lesions\images_non-AMD\N0166.jpg;C:\Users\Prinzessin\projects\image_data\iChallenge_AMD_OD_Fovea_lesions\Disc_Masks\N0166.bmp;train
C:\Users\Prinzessin\projects\image_data\iChallenge_AMD_OD_Fovea_lesions\images_non-AMD\N0249.jpg;C:\Users\Prinzessin\projects\image_data\iChallenge_AMD_OD_Fovea_lesions\Disc_Masks\N0249.bmp;train
C:\Users\Prinzessin\projects\image_data\iChallenge_AMD_OD_Fovea_lesions\images_non-AMD\N0051.jpg;C:\Users\Prinzessin\projects\image_data\iChallenge_AMD_OD_Fovea_lesions\Disc_Masks\N0051.bmp;train
C:\Users\Prinzessin\projects\image_data\iChallenge_AMD_OD_Fovea_lesions\images_non-AMD\N0159.jpg;C:\Users\Prinzessin\projects\image_data\iChallenge_AMD_OD_Fovea_lesions\Disc_Masks\N0159.bmp;train
C:\Users\Prinzessin\projects\image_data\iChallenge_AMD_OD_Fovea_lesions\images_non-AMD\N0291.jpg;C:\Users\Prinzessin\projects\image_data\iChallenge_AMD_OD_Fovea_lesions\Disc_Masks\N0291.bmp;train
C:\Users\Prinzessin\projects\image_data\iChallenge_AMD_OD_Fovea_lesions\images_non-AMD\N0083.jpg;C:\Users\Prinzessin\projects\image_data\iChallenge_AMD_OD_Fovea_lesions\Disc_Masks\N0083.bmp;train
C:\Users\Prinzessin\projects\image_data\iChallenge_AMD_OD_Fovea_lesions\images_non-AMD\N0008.jpg;C:\Users\Prinzessin\projects\image_data\iChallenge_AMD_OD_Fovea_lesions\Disc_Masks\N0008.bmp;train
C:\Users\Prinzessin\projects\image_data\iChallenge_AMD_OD_Fovea_lesions\images_non-AMD\N0277.jpg;C:\Users\Prinzessin\projects\image_data\iChallenge_AMD_OD_Fovea_lesions\Disc_Masks\N0277.bmp;train
C:\Users\Prinzessin\projects\image_data\iChallenge_AMD_OD_Fovea_lesions\images_non-AMD\N0043.jpg;C:\Users\Prinzessin\projects\image_data\iChallenge_AMD_OD_Fovea_lesions\Disc_Masks\N0043.bmp;train
C:\Users\Prinzessin\projects\image_data\iChallenge_AMD_OD_Fovea_lesions\images_non-AMD\N0059.jpg;C:\Users\Prinzessin\projects\image_data\iChallenge_AMD_OD_Fovea_lesions\Disc_Masks\N0059.bmp;train
C:\Users\Prinzessin\projects\image_data\iChallenge_AMD_OD_Fovea_lesions\images_non-AMD\N0176.jpg;C:\Users\Prinzessin\projects\image_data\iChallenge_AMD_OD_Fovea_lesions\Disc_Masks\N0176.bmp;train
C:\Users\Prinzessin\projects\image_data\iChallenge_AMD_OD_Fovea_lesions\images_non-AMD\N0015.jpg;C:\Users\Prinzessin\projects\image_data\iChallenge_AMD_OD_Fovea_lesions\Disc_Masks\N0015.bmp;train
C:\Users\Prinzessin\projects\image_data\iChallenge_AMD_OD_Fovea_lesions\images_non-AMD\N0311.jpg;C:\Users\Prinzessin\projects\image_data\iChallenge_AMD_OD_Fovea_lesions\Disc_Masks\N0311.bmp;train
C:\Users\Prinzessin\projects\image_data\iChallenge_AMD_OD_Fovea_lesions\images_non-AMD\N0131.jpg;C:\Users\Prinzessin\projects\image_data\iChallenge_AMD_OD_Fovea_lesions\Disc_Masks\N0131.bmp;train
C:\Users\Prinzessin\projects\image_data\iChallenge_AMD_OD_Fovea_lesions\images_non-AMD\N0162.jpg;C:\Users\Prinzessin\projects\image_data\iChallenge_AMD_OD_Fovea_lesions\Disc_Masks\N0162.bmp;train
C:\Users\Prinzessin\projects\image_data\iChallenge_AMD_OD_Fovea_lesions\images_non-AMD\N0169.jpg;C:\Users\Prinzessin\projects\image_data\iChallenge_AMD_OD_Fovea_lesions\Disc_Masks\N0169.bmp;train
C:\Users\Prinzessin\projects\image_data\iChallenge_AMD_OD_Fovea_lesions\images_non-AMD\N0182.jpg;C:\Users\Prinzessin\projects\image_data\iChallenge_AMD_OD_Fovea_lesions\Disc_Masks\N0182.bmp;train
C:\Users\Prinzessin\projects\image_data\iChallenge_AMD_OD_Fovea_lesions\images_non-AMD\N0060.jpg;C:\Users\Prinzessin\projects\image_data\iChallenge_AMD_OD_Fovea_lesions\Disc_Masks\N0060.bmp;train
C:\Users\Prinzessin\projects\image_data\iChallenge_AMD_OD_Fovea_lesions\images_non-AMD\N0260.jpg;C:\Users\Prinzessin\projects\image_data\iChallenge_AMD_OD_Fovea_lesions\Disc_Masks\N0260.bmp;train
C:\Users\Prinzessin\projects\image_data\iChallenge_AMD_OD_Fovea_lesions\images_non-AMD\N0278.jpg;C:\Users\Prinzessin\projects\image_data\iChallenge_AMD_OD_Fovea_lesions\Disc_Masks\N0278.bmp;train
C:\Users\Prinzessin\projects\image_data\iChallenge_AMD_OD_Fovea_lesions\images_non-AMD\N0071.jpg;C:\Users\Prinzessin\projects\image_data\iChallenge_AMD_OD_Fovea_lesions\Disc_Masks\N0071.bmp;train
C:\Users\Prinzessin\projects\image_data\iChallenge_AMD_OD_Fovea_lesions\images_non-AMD\N0082.jpg;C:\Users\Prinzessin\projects\image_data\iChallenge_AMD_OD_Fovea_lesions\Disc_Masks\N0082.bmp;train
C:\Users\Prinzessin\projects\image_data\iChallenge_AMD_OD_Fovea_lesions\images_non-AMD\N0179.jpg;C:\Users\Prinzessin\projects\image_data\iChallenge_AMD_OD_Fovea_lesions\Disc_Masks\N0179.bmp;train
C:\Users\Prinzessin\projects\image_data\iChallenge_AMD_OD_Fovea_lesions\images_non-AMD\N0084.jpg;C:\Users\Prinzessin\projects\image_data\iChallenge_AMD_OD_Fovea_lesions\Disc_Masks\N0084.bmp;train
C:\Users\Prinzessin\projects\image_data\iChallenge_AMD_OD_Fovea_lesions\images_non-AMD\N0165.jpg;C:\Users\Prinzessin\projects\image_data\iChallenge_AMD_OD_Fovea_lesions\Disc_Masks\N0165.bmp;train
C:\Users\Prinzessin\projects\image_data\iChallenge_AMD_OD_Fovea_lesions\images_non-AMD\N0238.jpg;C:\Users\Prinzessin\projects\image_data\iChallenge_AMD_OD_Fovea_lesions\Disc_Masks\N0238.bmp;train
C:\Users\Prinzessin\projects\image_data\iChallenge_AMD_OD_Fovea_lesions\images_non-AMD\N0156.jpg;C:\Users\Prinzessin\projects\image_data\iChallenge_AMD_OD_Fovea_lesions\Disc_Masks\N0156.bmp;train
C:\Users\Prinzessin\projects\image_data\iChallenge_AMD_OD_Fovea_lesions\images_non-AMD\N0090.jpg;C:\Users\Prinzessin\projects\image_data\iChallenge_AMD_OD_Fovea_lesions\Disc_Masks\N0090.bmp;train
C:\Users\Prinzessin\projects\image_data\iChallenge_AMD_OD_Fovea_lesions\images_non-AMD\N0200.jpg;C:\Users\Prinzessin\projects\image_data\iChallenge_AMD_OD_Fovea_lesions\Disc_Masks\N0200.bmp;train
C:\Users\Prinzessin\projects\image_data\iChallenge_AMD_OD_Fovea_lesions\images_non-AMD\N0259.jpg;C:\Users\Prinzessin\projects\image_data\iChallenge_AMD_OD_Fovea_lesions\Disc_Masks\N0259.bmp;train
C:\Users\Prinzessin\projects\image_data\iChallenge_AMD_OD_Fovea_lesions\images_non-AMD\N0300.jpg;C:\Users\Prinzessin\projects\image_data\iChallenge_AMD_OD_Fovea_lesions\Disc_Masks\N0300.bmp;train
C:\Users\Prinzessin\projects\image_data\iChallenge_AMD_OD_Fovea_lesions\images_non-AMD\N0105.jpg;C:\Users\Prinzessin\projects\image_data\iChallenge_AMD_OD_Fovea_lesions\Disc_Masks\N0105.bmp;train
C:\Users\Prinzessin\projects\image_data\iChallenge_AMD_OD_Fovea_lesions\images_non-AMD\N0152.jpg;C:\Users\Prinzessin\projects\image_data\iChallenge_AMD_OD_Fovea_lesions\Disc_Masks\N0152.bmp;train
C:\Users\Prinzessin\projects\image_data\iChallenge_AMD_OD_Fovea_lesions\images_non-AMD\N0211.jpg;C:\Users\Prinzessin\projects\image_data\iChallenge_AMD_OD_Fovea_lesions\Disc_Masks\N0211.bmp;train
C:\Users\Prinzessin\projects\image_data\iChallenge_AMD_OD_Fovea_lesions\images_non-AMD\N0228.jpg;C:\Users\Prinzessin\projects\image_data\iChallenge_AMD_OD_Fovea_lesions\Disc_Masks\N0228.bmp;train
C:\Users\Prinzessin\projects\image_data\iChallenge_AMD_OD_Fovea_lesions\images_non-AMD\N0153.jpg;C:\Users\Prinzessin\projects\image_data\iChallenge_AMD_OD_Fovea_lesions\Disc_Masks\N0153.bmp;train
C:\Users\Prinzessin\projects\image_data\iChallenge_AMD_OD_Fovea_lesions\images_non-AMD\N0001.jpg;C:\Users\Prinzessin\projects\image_data\iChallenge_AMD_OD_Fovea_lesions\Disc_Masks\N0001.bmp;train
C:\Users\Prinzessin\projects\image_data\iChallenge_AMD_OD_Fovea_lesions\images_non-AMD\N0106.jpg;C:\Users\Prinzessin\projects\image_data\iChallenge_AMD_OD_Fovea_lesions\Disc_Masks\N0106.bmp;train
C:\Users\Prinzessin\projects\image_data\iChallenge_AMD_OD_Fovea_lesions\images_non-AMD\N0132.jpg;C:\Users\Prinzessin\projects\image_data\iChallenge_AMD_OD_Fovea_lesions\Disc_Masks\N0132.bmp;train
C:\Users\Prinzessin\projects\image_data\iChallenge_AMD_OD_Fovea_lesions\images_non-AMD\N0039.jpg;C:\Users\Prinzessin\projects\image_data\iChallenge_AMD_OD_Fovea_lesions\Disc_Masks\N0039.bmp;train
C:\Users\Prinzessin\projects\image_data\iChallenge_AMD_OD_Fovea_lesions\images_non-AMD\N0220.jpg;C:\Users\Prinzessin\projects\image_data\iChallenge_AMD_OD_Fovea_lesions\Disc_Masks\N0220.bmp;train
C:\Users\Prinzessin\projects\image_data\iChallenge_AMD_OD_Fovea_lesions\images_non-AMD\N0231.jpg;C:\Users\Prinzessin\projects\image_data\iChallenge_AMD_OD_Fovea_lesions\Disc_Masks\N0231.bmp;train
C:\Users\Prinzessin\projects\image_data\iChallenge_AMD_OD_Fovea_lesions\images_non-AMD\N0209.jpg;C:\Users\Prinzessin\projects\image_data\iChallenge_AMD_OD_Fovea_lesions\Disc_Masks\N0209.bmp;train
C:\Users\Prinzessin\projects\image_data\iChallenge_AMD_OD_Fovea_lesions\images_non-AMD\N0019.jpg;C:\Users\Prinzessin\projects\image_data\iChallenge_AMD_OD_Fovea_lesions\Disc_Masks\N0019.bmp;train
C:\Users\Prinzessin\projects\image_data\iChallenge_AMD_OD_Fovea_lesions\images_non-AMD\N0117.jpg;C:\Users\Prinzessin\projects\image_data\iChallenge_AMD_OD_Fovea_lesions\Disc_Masks\N0117.bmp;train
C:\Users\Prinzessin\projects\image_data\iChallenge_AMD_OD_Fovea_lesions\images_non-AMD\N0293.jpg;C:\Users\Prinzessin\projects\image_data\iChallenge_AMD_OD_Fovea_lesions\Disc_Masks\N0293.bmp;train
C:\Users\Prinzessin\projects\image_data\iChallenge_AMD_OD_Fovea_lesions\images_non-AMD\N0306.jpg;C:\Users\Prinzessin\projects\image_data\iChallenge_AMD_OD_Fovea_lesions\Disc_Masks\N0306.bmp;train
C:\Users\Prinzessin\projects\image_data\iChallenge_AMD_OD_Fovea_lesions\images_non-AMD\N0134.jpg;C:\Users\Prinzessin\projects\image_data\iChallenge_AMD_OD_Fovea_lesions\Disc_Masks\N0134.bmp;train
C:\Users\Prinzessin\projects\image_data\iChallenge_AMD_OD_Fovea_lesions\images_non-AMD\N0069.jpg;C:\Users\Prinzessin\projects\image_data\iChallenge_AMD_OD_Fovea_lesions\Disc_Masks\N0069.bmp;train
C:\Users\Prinzessin\projects\image_data\iChallenge_AMD_OD_Fovea_lesions\images_non-AMD\N0308.jpg;C:\Users\Prinzessin\projects\image_data\iChallenge_AMD_OD_Fovea_lesions\Disc_Masks\N0308.bmp;train
C:\Users\Prinzessin\projects\image_data\iChallenge_AMD_OD_Fovea_lesions\images_non-AMD\N0095.jpg;C:\Users\Prinzessin\projects\image_data\iChallenge_AMD_OD_Fovea_lesions\Disc_Masks\N0095.bmp;train
C:\Users\Prinzessin\projects\image_data\iChallenge_AMD_OD_Fovea_lesions\images_non-AMD\N0264.jpg;C:\Users\Prinzessin\projects\image_data\iChallenge_AMD_OD_Fovea_lesions\Disc_Masks\N0264.bmp;train
C:\Users\Prinzessin\projects\image_data\iChallenge_AMD_OD_Fovea_lesions\images_non-AMD\N0119.jpg;C:\Users\Prinzessin\projects\image_data\iChallenge_AMD_OD_Fovea_lesions\Disc_Masks\N0119.bmp;train
C:\Users\Prinzessin\projects\image_data\iChallenge_AMD_OD_Fovea_lesions\images_non-AMD\N0112.jpg;C:\Users\Prinzessin\projects\image_data\iChallenge_AMD_OD_Fovea_lesions\Disc_Masks\N0112.bmp;train
C:\Users\Prinzessin\projects\image_data\iChallenge_AMD_OD_Fovea_lesions\images_non-AMD\N0262.jpg;C:\Users\Prinzessin\projects\image_data\iChallenge_AMD_OD_Fovea_lesions\Disc_Masks\N0262.bmp;train
C:\Users\Prinzessin\projects\image_data\iChallenge_AMD_OD_Fovea_lesions\images_non-AMD\N0110.jpg;C:\Users\Prinzessin\projects\image_data\iChallenge_AMD_OD_Fovea_lesions\Disc_Masks\N0110.bmp;train
C:\Users\Prinzessin\projects\image_data\iChallenge_AMD_OD_Fovea_lesions\images_non-AMD\N0057.jpg;C:\Users\Prinzessin\projects\image_data\iChallenge_AMD_OD_Fovea_lesions\Disc_Masks\N0057.bmp;train
C:\Users\Prinzessin\projects\image_data\iChallenge_AMD_OD_Fovea_lesions\images_non-AMD\N0236.jpg;C:\Users\Prinzessin\projects\image_data\iChallenge_AMD_OD_Fovea_lesions\Disc_Masks\N0236.bmp;train
C:\Users\Prinzessin\projects\image_data\iChallenge_AMD_OD_Fovea_lesions\images_non-AMD\N0301.jpg;C:\Users\Prinzessin\projects\image_data\iChallenge_AMD_OD_Fovea_lesions\Disc_Masks\N0301.bmp;train
C:\Users\Prinzessin\projects\image_data\iChallenge_AMD_OD_Fovea_lesions\images_non-AMD\N0183.jpg;C:\Users\Prinzessin\projects\image_data\iChallenge_AMD_OD_Fovea_lesions\Disc_Masks\N0183.bmp;train
C:\Users\Prinzessin\projects\image_data\iChallenge_AMD_OD_Fovea_lesions\images_non-AMD\N0124.jpg;C:\Users\Prinzessin\projects\image_data\iChallenge_AMD_OD_Fovea_lesions\Disc_Masks\N0124.bmp;train
C:\Users\Prinzessin\projects\image_data\iChallenge_AMD_OD_Fovea_lesions\images_non-AMD\N0040.jpg;C:\Users\Prinzessin\projects\image_data\iChallenge_AMD_OD_Fovea_lesions\Disc_Masks\N0040.bmp;train
C:\Users\Prinzessin\projects\image_data\iChallenge_AMD_OD_Fovea_lesions\images_non-AMD\N0044.jpg;C:\Users\Prinzessin\projects\image_data\iChallenge_AMD_OD_Fovea_lesions\Disc_Masks\N0044.bmp;train
C:\Users\Prinzessin\projects\image_data\iChallenge_AMD_OD_Fovea_lesions\images_non-AMD\N0006.jpg;C:\Users\Prinzessin\projects\image_data\iChallenge_AMD_OD_Fovea_lesions\Disc_Masks\N0006.bmp;train
C:\Users\Prinzessin\projects\image_data\iChallenge_AMD_OD_Fovea_lesions\images_non-AMD\N0273.jpg;C:\Users\Prinzessin\projects\image_data\iChallenge_AMD_OD_Fovea_lesions\Disc_Masks\N0273.bmp;train
C:\Users\Prinzessin\projects\image_data\iChallenge_AMD_OD_Fovea_lesions\images_non-AMD\N0310.jpg;C:\Users\Prinzessin\projects\image_data\iChallenge_AMD_OD_Fovea_lesions\Disc_Masks\N0310.bmp;train
C:\Users\Prinzessin\projects\image_data\iChallenge_AMD_OD_Fovea_lesions\images_non-AMD\N0288.jpg;C:\Users\Prinzessin\projects\image_data\iChallenge_AMD_OD_Fovea_lesions\Disc_Masks\N0288.bmp;train
C:\Users\Prinzessin\projects\image_data\iChallenge_AMD_OD_Fovea_lesions\images_non-AMD\N0135.jpg;C:\Users\Prinzessin\projects\image_data\iChallenge_AMD_OD_Fovea_lesions\Disc_Masks\N0135.bmp;train
C:\Users\Prinzessin\projects\image_data\iChallenge_AMD_OD_Fovea_lesions\images_non-AMD\N0081.jpg;C:\Users\Prinzessin\projects\image_data\iChallenge_AMD_OD_Fovea_lesions\Disc_Masks\N0081.bmp;train
C:\Users\Prinzessin\projects\image_data\iChallenge_AMD_OD_Fovea_lesions\images_non-AMD\N0194.jpg;C:\Users\Prinzessin\projects\image_data\iChallenge_AMD_OD_Fovea_lesions\Disc_Masks\N0194.bmp;train
C:\Users\Prinzessin\projects\image_data\iChallenge_AMD_OD_Fovea_lesions\images_non-AMD\N0052.jpg;C:\Users\Prinzessin\projects\image_data\iChallenge_AMD_OD_Fovea_lesions\Disc_Masks\N0052.bmp;train
C:\Users\Prinzessin\projects\image_data\iChallenge_AMD_OD_Fovea_lesions\images_non-AMD\N0167.jpg;C:\Users\Prinzessin\projects\image_data\iChallenge_AMD_OD_Fovea_lesions\Disc_Masks\N0167.bmp;train
C:\Users\Prinzessin\projects\image_data\iChallenge_AMD_OD_Fovea_lesions\images_non-AMD\N0080.jpg;C:\Users\Prinzessin\projects\image_data\iChallenge_AMD_OD_Fovea_lesions\Disc_Masks\N0080.bmp;train
C:\Users\Prinzessin\projects\image_data\iChallenge_AMD_OD_Fovea_lesions\images_non-AMD\N0282.jpg;C:\Users\Prinzessin\projects\image_data\iChallenge_AMD_OD_Fovea_lesions\Disc_Masks\N0282.bmp;train
C:\Users\Prinzessin\projects\image_data\iChallenge_AMD_OD_Fovea_lesions\images_non-AMD\N0171.jpg;C:\Users\Prinzessin\projects\image_data\iChallenge_AMD_OD_Fovea_lesions\Disc_Masks\N0171.bmp;train
C:\Users\Prinzessin\projects\image_data\iChallenge_AMD_OD_Fovea_lesions\images_non-AMD\N0242.jpg;C:\Users\Prinzessin\projects\image_data\iChallenge_AMD_OD_Fovea_lesions\Disc_Masks\N0242.bmp;train
C:\Users\Prinzessin\projects\image_data\iChallenge_AMD_OD_Fovea_lesions\images_non-AMD\N0030.jpg;C:\Users\Prinzessin\projects\image_data\iChallenge_AMD_OD_Fovea_lesions\Disc_Masks\N0030.bmp;train
C:\Users\Prinzessin\projects\image_data\iChallenge_AMD_OD_Fovea_lesions\images_non-AMD\N0100.jpg;C:\Users\Prinzessin\projects\image_data\iChallenge_AMD_OD_Fovea_lesions\Disc_Masks\N0100.bmp;train
C:\Users\Prinzessin\projects\image_data\iChallenge_AMD_OD_Fovea_lesions\images_non-AMD\N0074.jpg;C:\Users\Prinzessin\projects\image_data\iChallenge_AMD_OD_Fovea_lesions\Disc_Masks\N0074.bmp;train
C:\Users\Prinzessin\projects\image_data\iChallenge_AMD_OD_Fovea_lesions\images_non-AMD\N0141.jpg;C:\Users\Prinzessin\projects\image_data\iChallenge_AMD_OD_Fovea_lesions\Disc_Masks\N0141.bmp;train
C:\Users\Prinzessin\projects\image_data\iChallenge_AMD_OD_Fovea_lesions\images_non-AMD\N0174.jpg;C:\Users\Prinzessin\projects\image_data\iChallenge_AMD_OD_Fovea_lesions\Disc_Masks\N0174.bmp;train
C:\Users\Prinzessin\projects\image_data\iChallenge_AMD_OD_Fovea_lesions\images_non-AMD\N0085.jpg;C:\Users\Prinzessin\projects\image_data\iChallenge_AMD_OD_Fovea_lesions\Disc_Masks\N0085.bmp;train
C:\Users\Prinzessin\projects\image_data\iChallenge_AMD_OD_Fovea_lesions\images_non-AMD\N0048.jpg;C:\Users\Prinzessin\projects\image_data\iChallenge_AMD_OD_Fovea_lesions\Disc_Masks\N0048.bmp;train
C:\Users\Prinzessin\projects\image_data\iChallenge_AMD_OD_Fovea_lesions\images_non-AMD\N0173.jpg;C:\Users\Prinzessin\projects\image_data\iChallenge_AMD_OD_Fovea_lesions\Disc_Masks\N0173.bmp;train
C:\Users\Prinzessin\projects\image_data\iChallenge_AMD_OD_Fovea_lesions\images_non-AMD\N0026.jpg;C:\Users\Prinzessin\projects\image_data\iChallenge_AMD_OD_Fovea_lesions\Disc_Masks\N0026.bmp;train
C:\Users\Prinzessin\projects\image_data\iChallenge_AMD_OD_Fovea_lesions\images_non-AMD\N0295.jpg;C:\Users\Prinzessin\projects\image_data\iChallenge_AMD_OD_Fovea_lesions\Disc_Masks\N0295.bmp;train
C:\Users\Prinzessin\projects\image_data\iChallenge_AMD_OD_Fovea_lesions\images_non-AMD\N0078.jpg;C:\Users\Prinzessin\projects\image_data\iChallenge_AMD_OD_Fovea_lesions\Disc_Masks\N0078.bmp;train
C:\Users\Prinzessin\projects\image_data\iChallenge_AMD_OD_Fovea_lesions\images_non-AMD\N0299.jpg;C:\Users\Prinzessin\projects\image_data\iChallenge_AMD_OD_Fovea_lesions\Disc_Masks\N0299.bmp;train
C:\Users\Prinzessin\projects\image_data\iChallenge_AMD_OD_Fovea_lesions\images_non-AMD\N0004.jpg;C:\Users\Prinzessin\projects\image_data\iChallenge_AMD_OD_Fovea_lesions\Disc_Masks\N0004.bmp;train
C:\Users\Prinzessin\projects\image_data\iChallenge_AMD_OD_Fovea_lesions\images_non-AMD\N0287.jpg;C:\Users\Prinzessin\projects\image_data\iChallenge_AMD_OD_Fovea_lesions\Disc_Masks\N0287.bmp;train
C:\Users\Prinzessin\projects\image_data\iChallenge_AMD_OD_Fovea_lesions\images_non-AMD\N0229.jpg;C:\Users\Prinzessin\projects\image_data\iChallenge_AMD_OD_Fovea_lesions\Disc_Masks\N0229.bmp;train
C:\Users\Prinzessin\projects\image_data\iChallenge_AMD_OD_Fovea_lesions\images_non-AMD\N0226.jpg;C:\Users\Prinzessin\projects\image_data\iChallenge_AMD_OD_Fovea_lesions\Disc_Masks\N0226.bmp;train
C:\Users\Prinzessin\projects\image_data\iChallenge_AMD_OD_Fovea_lesions\images_non-AMD\N0128.jpg;C:\Users\Prinzessin\projects\image_data\iChallenge_AMD_OD_Fovea_lesions\Disc_Masks\N0128.bmp;train
C:\Users\Prinzessin\projects\image_data\iChallenge_AMD_OD_Fovea_lesions\images_non-AMD\N0126.jpg;C:\Users\Prinzessin\projects\image_data\iChallenge_AMD_OD_Fovea_lesions\Disc_Masks\N0126.bmp;train
C:\Users\Prinzessin\projects\image_data\iChallenge_AMD_OD_Fovea_lesions\images_non-AMD\N0005.jpg;C:\Users\Prinzessin\projects\image_data\iChallenge_AMD_OD_Fovea_lesions\Disc_Masks\N0005.bmp;train
C:\Users\Prinzessin\projects\image_data\iChallenge_AMD_OD_Fovea_lesions\images_non-AMD\N0070.jpg;C:\Users\Prinzessin\projects\image_data\iChallenge_AMD_OD_Fovea_lesions\Disc_Masks\N0070.bmp;train
C:\Users\Prinzessin\projects\image_data\iChallenge_AMD_OD_Fovea_lesions\images_non-AMD\N0047.jpg;C:\Users\Prinzessin\projects\image_data\iChallenge_AMD_OD_Fovea_lesions\Disc_Masks\N0047.bmp;train
C:\Users\Prinzessin\projects\image_data\iChallenge_AMD_OD_Fovea_lesions\images_non-AMD\N0154.jpg;C:\Users\Prinzessin\projects\image_data\iChallenge_AMD_OD_Fovea_lesions\Disc_Masks\N0154.bmp;train
C:\Users\Prinzessin\projects\image_data\iChallenge_AMD_OD_Fovea_lesions\images_non-AMD\N0029.jpg;C:\Users\Prinzessin\projects\image_data\iChallenge_AMD_OD_Fovea_lesions\Disc_Masks\N0029.bmp;train
C:\Users\Prinzessin\projects\image_data\iChallenge_AMD_OD_Fovea_lesions\images_non-AMD\N0271.jpg;C:\Users\Prinzessin\projects\image_data\iChallenge_AMD_OD_Fovea_lesions\Disc_Masks\N0271.bmp;train
C:\Users\Prinzessin\projects\image_data\iChallenge_AMD_OD_Fovea_lesions\images_non-AMD\N0022.jpg;C:\Users\Prinzessin\projects\image_data\iChallenge_AMD_OD_Fovea_lesions\Disc_Masks\N0022.bmp;train
C:\Users\Prinzessin\projects\image_data\iChallenge_AMD_OD_Fovea_lesions\images_non-AMD\N0010.jpg;C:\Users\Prinzessin\projects\image_data\iChallenge_AMD_OD_Fovea_lesions\Disc_Masks\N0010.bmp;train
C:\Users\Prinzessin\projects\image_data\iChallenge_AMD_OD_Fovea_lesions\images_non-AMD\N0148.jpg;C:\Users\Prinzessin\projects\image_data\iChallenge_AMD_OD_Fovea_lesions\Disc_Masks\N0148.bmp;train
C:\Users\Prinzessin\projects\image_data\iChallenge_AMD_OD_Fovea_lesions\images_non-AMD\N0251.jpg;C:\Users\Prinzessin\projects\image_data\iChallenge_AMD_OD_Fovea_lesions\Disc_Masks\N0251.bmp;train
C:\Users\Prinzessin\projects\image_data\iChallenge_AMD_OD_Fovea_lesions\images_non-AMD\N0219.jpg;C:\Users\Prinzessin\projects\image_data\iChallenge_AMD_OD_Fovea_lesions\Disc_Masks\N0219.bmp;train
C:\Users\Prinzessin\projects\image_data\iChallenge_AMD_OD_Fovea_lesions\images_non-AMD\N0158.jpg;C:\Users\Prinzessin\projects\image_data\iChallenge_AMD_OD_Fovea_lesions\Disc_Masks\N0158.bmp;train
C:\Users\Prinzessin\projects\image_data\iChallenge_AMD_OD_Fovea_lesions\images_non-AMD\N0077.jpg;C:\Users\Prinzessin\projects\image_data\iChallenge_AMD_OD_Fovea_lesions\Disc_Masks\N0077.bmp;train
C:\Users\Prinzessin\projects\image_data\iChallenge_AMD_OD_Fovea_lesions\images_non-AMD\N0199.jpg;C:\Users\Prinzessin\projects\image_data\iChallenge_AMD_OD_Fovea_lesions\Disc_Masks\N0199.bmp;train
C:\Users\Prinzessin\projects\image_data\iChallenge_AMD_OD_Fovea_lesions\images_non-AMD\N0203.jpg;C:\Users\Prinzessin\projects\image_data\iChallenge_AMD_OD_Fovea_lesions\Disc_Masks\N0203.bmp;train
C:\Users\Prinzessin\projects\image_data\iChallenge_AMD_OD_Fovea_lesions\images_non-AMD\N0245.jpg;C:\Users\Prinzessin\projects\image_data\iChallenge_AMD_OD_Fovea_lesions\Disc_Masks\N0245.bmp;train
C:\Users\Prinzessin\projects\image_data\iChallenge_AMD_OD_Fovea_lesions\images_non-AMD\N0068.jpg;C:\Users\Prinzessin\projects\image_data\iChallenge_AMD_OD_Fovea_lesions\Disc_Masks\N0068.bmp;train
C:\Users\Prinzessin\projects\image_data\iChallenge_AMD_OD_Fovea_lesions\images_non-AMD\N0113.jpg;C:\Users\Prinzessin\projects\image_data\iChallenge_AMD_OD_Fovea_lesions\Disc_Masks\N0113.bmp;train
C:\Users\Prinzessin\projects\image_data\iChallenge_AMD_OD_Fovea_lesions\images_non-AMD\N0304.jpg;C:\Users\Prinzessin\projects\image_data\iChallenge_AMD_OD_Fovea_lesions\Disc_Masks\N0304.bmp;train
C:\Users\Prinzessin\projects\image_data\iChallenge_AMD_OD_Fovea_lesions\images_non-AMD\N0248.jpg;C:\Users\Prinzessin\projects\image_data\iChallenge_AMD_OD_Fovea_lesions\Disc_Masks\N0248.bmp;train
C:\Users\Prinzessin\projects\image_data\iChallenge_AMD_OD_Fovea_lesions\images_non-AMD\N0053.jpg;C:\Users\Prinzessin\projects\image_data\iChallenge_AMD_OD_Fovea_lesions\Disc_Masks\N0053.bmp;train
C:\Users\Prinzessin\projects\image_data\iChallenge_AMD_OD_Fovea_lesions\images_non-AMD\N0284.jpg;C:\Users\Prinzessin\projects\image_data\iChallenge_AMD_OD_Fovea_lesions\Disc_Masks\N0284.bmp;train
C:\Users\Prinzessin\projects\image_data\iChallenge_AMD_OD_Fovea_lesions\images_non-AMD\N0280.jpg;C:\Users\Prinzessin\projects\image_data\iChallenge_AMD_OD_Fovea_lesions\Disc_Masks\N0280.bmp;train
C:\Users\Prinzessin\projects\image_data\iChallenge_AMD_OD_Fovea_lesions\images_non-AMD\N0103.jpg;C:\Users\Prinzessin\projects\image_data\iChallenge_AMD_OD_Fovea_lesions\Disc_Masks\N0103.bmp;train
C:\Users\Prinzessin\projects\image_data\iChallenge_AMD_OD_Fovea_lesions\images_non-AMD\N0108.jpg;C:\Users\Prinzessin\projects\image_data\iChallenge_AMD_OD_Fovea_lesions\Disc_Masks\N0108.bmp;train
C:\Users\Prinzessin\projects\image_data\iChallenge_AMD_OD_Fovea_lesions\images_non-AMD\N0127.jpg;C:\Users\Prinzessin\projects\image_data\iChallenge_AMD_OD_Fovea_lesions\Disc_Masks\N0127.bmp;train
C:\Users\Prinzessin\projects\image_data\iChallenge_AMD_OD_Fovea_lesions\images_non-AMD\N0123.jpg;C:\Users\Prinzessin\projects\image_data\iChallenge_AMD_OD_Fovea_lesions\Disc_Masks\N0123.bmp;train
C:\Users\Prinzessin\projects\image_data\iChallenge_AMD_OD_Fovea_lesions\images_non-AMD\N0089.jpg;C:\Users\Prinzessin\projects\image_data\iChallenge_AMD_OD_Fovea_lesions\Disc_Masks\N0089.bmp;train
C:\Users\Prinzessin\projects\image_data\iChallenge_AMD_OD_Fovea_lesions\images_non-AMD\N0170.jpg;C:\Users\Prinzessin\projects\image_data\iChallenge_AMD_OD_Fovea_lesions\Disc_Masks\N0170.bmp;train
C:\Users\Prinzessin\projects\image_data\iChallenge_AMD_OD_Fovea_lesions\images_non-AMD\N0086.jpg;C:\Users\Prinzessin\projects\image_data\iChallenge_AMD_OD_Fovea_lesions\Disc_Masks\N0086.bmp;train
C:\Users\Prinzessin\projects\image_data\iChallenge_AMD_OD_Fovea_lesions\images_non-AMD\N0196.jpg;C:\Users\Prinzessin\projects\image_data\iChallenge_AMD_OD_Fovea_lesions\Disc_Masks\N0196.bmp;train
C:\Users\Prinzessin\projects\image_data\iChallenge_AMD_OD_Fovea_lesions\images_non-AMD\N0045.jpg;C:\Users\Prinzessin\projects\image_data\iChallenge_AMD_OD_Fovea_lesions\Disc_Masks\N0045.bmp;train
C:\Users\Prinzessin\projects\image_data\iChallenge_AMD_OD_Fovea_lesions\images_non-AMD\N0107.jpg;C:\Users\Prinzessin\projects\image_data\iChallenge_AMD_OD_Fovea_lesions\Disc_Masks\N0107.bmp;train
C:\Users\Prinzessin\projects\image_data\iChallenge_AMD_OD_Fovea_lesions\images_non-AMD\N0216.jpg;C:\Users\Prinzessin\projects\image_data\iChallenge_AMD_OD_Fovea_lesions\Disc_Masks\N0216.bmp;train
C:\Users\Prinzessin\projects\image_data\iChallenge_AMD_OD_Fovea_lesions\images_non-AMD\N0303.jpg;C:\Users\Prinzessin\projects\image_data\iChallenge_AMD_OD_Fovea_lesions\Disc_Masks\N0303.bmp;train
C:\Users\Prinzessin\projects\image_data\iChallenge_AMD_OD_Fovea_lesions\images_non-AMD\N0064.jpg;C:\Users\Prinzessin\projects\image_data\iChallenge_AMD_OD_Fovea_lesions\Disc_Masks\N0064.bmp;train
C:\Users\Prinzessin\projects\image_data\iChallenge_AMD_OD_Fovea_lesions\images_non-AMD\N0033.jpg;C:\Users\Prinzessin\projects\image_data\iChallenge_AMD_OD_Fovea_lesions\Disc_Masks\N0033.bmp;train
C:\Users\Prinzessin\projects\image_data\iChallenge_AMD_OD_Fovea_lesions\images_non-AMD\N0307.jpg;C:\Users\Prinzessin\projects\image_data\iChallenge_AMD_OD_Fovea_lesions\Disc_Masks\N0307.bmp;train
C:\Users\Prinzessin\projects\image_data\iChallenge_AMD_OD_Fovea_lesions\images_non-AMD\N0125.jpg;C:\Users\Prinzessin\projects\image_data\iChallenge_AMD_OD_Fovea_lesions\Disc_Masks\N0125.bmp;train
C:\Users\Prinzessin\projects\image_data\iChallenge_AMD_OD_Fovea_lesions\images_non-AMD\N0192.jpg;C:\Users\Prinzessin\projects\image_data\iChallenge_AMD_OD_Fovea_lesions\Disc_Masks\N0192.bmp;train
C:\Users\Prinzessin\projects\image_data\iChallenge_AMD_OD_Fovea_lesions\images_non-AMD\N0115.jpg;C:\Users\Prinzessin\projects\image_data\iChallenge_AMD_OD_Fovea_lesions\Disc_Masks\N0115.bmp;train
C:\Users\Prinzessin\projects\image_data\iChallenge_AMD_OD_Fovea_lesions\images_non-AMD\N0234.jpg;C:\Users\Prinzessin\projects\image_data\iChallenge_AMD_OD_Fovea_lesions\Disc_Masks\N0234.bmp;train
C:\Users\Prinzessin\projects\image_data\iChallenge_AMD_OD_Fovea_lesions\images_non-AMD\N0247.jpg;C:\Users\Prinzessin\projects\image_data\iChallenge_AMD_OD_Fovea_lesions\Disc_Masks\N0247.bmp;val
C:\Users\Prinzessin\projects\image_data\iChallenge_AMD_OD_Fovea_lesions\images_non-AMD\N0101.jpg;C:\Users\Prinzessin\projects\image_data\iChallenge_AMD_OD_Fovea_lesions\Disc_Masks\N0101.bmp;val
C:\Users\Prinzessin\projects\image_data\iChallenge_AMD_OD_Fovea_lesions\images_non-AMD\N0222.jpg;C:\Users\Prinzessin\projects\image_data\iChallenge_AMD_OD_Fovea_lesions\Disc_Masks\N0222.bmp;val
C:\Users\Prinzessin\projects\image_data\iChallenge_AMD_OD_Fovea_lesions\images_non-AMD\N0268.jpg;C:\Users\Prinzessin\projects\image_data\iChallenge_AMD_OD_Fovea_lesions\Disc_Masks\N0268.bmp;val
C:\Users\Prinzessin\projects\image_data\iChallenge_AMD_OD_Fovea_lesions\images_non-AMD\N0184.jpg;C:\Users\Prinzessin\projects\image_data\iChallenge_AMD_OD_Fovea_lesions\Disc_Masks\N0184.bmp;val
C:\Users\Prinzessin\projects\image_data\iChallenge_AMD_OD_Fovea_lesions\images_non-AMD\N0274.jpg;C:\Users\Prinzessin\projects\image_data\iChallenge_AMD_OD_Fovea_lesions\Disc_Masks\N0274.bmp;val
C:\Users\Prinzessin\projects\image_data\iChallenge_AMD_OD_Fovea_lesions\images_non-AMD\N0213.jpg;C:\Users\Prinzessin\projects\image_data\iChallenge_AMD_OD_Fovea_lesions\Disc_Masks\N0213.bmp;val
C:\Users\Prinzessin\projects\image_data\iChallenge_AMD_OD_Fovea_lesions\images_non-AMD\N0269.jpg;C:\Users\Prinzessin\projects\image_data\iChallenge_AMD_OD_Fovea_lesions\Disc_Masks\N0269.bmp;val
C:\Users\Prinzessin\projects\image_data\iChallenge_AMD_OD_Fovea_lesions\images_non-AMD\N0221.jpg;C:\Users\Prinzessin\projects\image_data\iChallenge_AMD_OD_Fovea_lesions\Disc_Masks\N0221.bmp;val
C:\Users\Prinzessin\projects\image_data\iChallenge_AMD_OD_Fovea_lesions\images_non-AMD\N0197.jpg;C:\Users\Prinzessin\projects\image_data\iChallenge_AMD_OD_Fovea_lesions\Disc_Masks\N0197.bmp;val
C:\Users\Prinzessin\projects\image_data\iChallenge_AMD_OD_Fovea_lesions\images_non-AMD\N0189.jpg;C:\Users\Prinzessin\projects\image_data\iChallenge_AMD_OD_Fovea_lesions\Disc_Masks\N0189.bmp;val
C:\Users\Prinzessin\projects\image_data\iChallenge_AMD_OD_Fovea_lesions\images_non-AMD\N0056.jpg;C:\Users\Prinzessin\projects\image_data\iChallenge_AMD_OD_Fovea_lesions\Disc_Masks\N0056.bmp;val
C:\Users\Prinzessin\projects\image_data\iChallenge_AMD_OD_Fovea_lesions\images_non-AMD\N0292.jpg;C:\Users\Prinzessin\projects\image_data\iChallenge_AMD_OD_Fovea_lesions\Disc_Masks\N0292.bmp;val
C:\Users\Prinzessin\projects\image_data\iChallenge_AMD_OD_Fovea_lesions\images_non-AMD\N0054.jpg;C:\Users\Prinzessin\projects\image_data\iChallenge_AMD_OD_Fovea_lesions\Disc_Masks\N0054.bmp;val
C:\Users\Prinzessin\projects\image_data\iChallenge_AMD_OD_Fovea_lesions\images_non-AMD\N0195.jpg;C:\Users\Prinzessin\projects\image_data\iChallenge_AMD_OD_Fovea_lesions\Disc_Masks\N0195.bmp;val
C:\Users\Prinzessin\projects\image_data\iChallenge_AMD_OD_Fovea_lesions\images_non-AMD\N0261.jpg;C:\Users\Prinzessin\projects\image_data\iChallenge_AMD_OD_Fovea_lesions\Disc_Masks\N0261.bmp;val
C:\Users\Prinzessin\projects\image_data\iChallenge_AMD_OD_Fovea_lesions\images_non-AMD\N0202.jpg;C:\Users\Prinzessin\projects\image_data\iChallenge_AMD_OD_Fovea_lesions\Disc_Masks\N0202.bmp;val
C:\Users\Prinzessin\projects\image_data\iChallenge_AMD_OD_Fovea_lesions\images_non-AMD\N0204.jpg;C:\Users\Prinzessin\projects\image_data\iChallenge_AMD_OD_Fovea_lesions\Disc_Masks\N0204.bmp;val
C:\Users\Prinzessin\projects\image_data\iChallenge_AMD_OD_Fovea_lesions\images_non-AMD\N0266.jpg;C:\Users\Prinzessin\projects\image_data\iChallenge_AMD_OD_Fovea_lesions\Disc_Masks\N0266.bmp;val
C:\Users\Prinzessin\projects\image_data\iChallenge_AMD_OD_Fovea_lesions\images_non-AMD\N0296.jpg;C:\Users\Prinzessin\projects\image_data\iChallenge_AMD_OD_Fovea_lesions\Disc_Masks\N0296.bmp;val
C:\Users\Prinzessin\projects\image_data\iChallenge_AMD_OD_Fovea_lesions\images_non-AMD\N0232.jpg;C:\Users\Prinzessin\projects\image_data\iChallenge_AMD_OD_Fovea_lesions\Disc_Masks\N0232.bmp;val
C:\Users\Prinzessin\projects\image_data\iChallenge_AMD_OD_Fovea_lesions\images_non-AMD\N0272.jpg;C:\Users\Prinzessin\projects\image_data\iChallenge_AMD_OD_Fovea_lesions\Disc_Masks\N0272.bmp;val
C:\Users\Prinzessin\projects\image_data\iChallenge_AMD_OD_Fovea_lesions\images_non-AMD\N0168.jpg;C:\Users\Prinzessin\projects\image_data\iChallenge_AMD_OD_Fovea_lesions\Disc_Masks\N0168.bmp;val
C:\Users\Prinzessin\projects\image_data\iChallenge_AMD_OD_Fovea_lesions\images_non-AMD\N0267.jpg;C:\Users\Prinzessin\projects\image_data\iChallenge_AMD_OD_Fovea_lesions\Disc_Masks\N0267.bmp;val
C:\Users\Prinzessin\projects\image_data\iChallenge_AMD_OD_Fovea_lesions\images_non-AMD\N0098.jpg;C:\Users\Prinzessin\projects\image_data\iChallenge_AMD_OD_Fovea_lesions\Disc_Masks\N0098.bmp;val
C:\Users\Prinzessin\projects\image_data\iChallenge_AMD_OD_Fovea_lesions\images_non-AMD\N0163.jpg;C:\Users\Prinzessin\projects\image_data\iChallenge_AMD_OD_Fovea_lesions\Disc_Masks\N0163.bmp;val
C:\Users\Prinzessin\projects\image_data\iChallenge_AMD_OD_Fovea_lesions\images_non-AMD\N0023.jpg;C:\Users\Prinzessin\projects\image_data\iChallenge_AMD_OD_Fovea_lesions\Disc_Masks\N0023.bmp;val
C:\Users\Prinzessin\projects\image_data\iChallenge_AMD_OD_Fovea_lesions\images_non-AMD\N0160.jpg;C:\Users\Prinzessin\projects\image_data\iChallenge_AMD_OD_Fovea_lesions\Disc_Masks\N0160.bmp;val
C:\Users\Prinzessin\projects\image_data\iChallenge_AMD_OD_Fovea_lesions\images_non-AMD\N0020.jpg;C:\Users\Prinzessin\projects\image_data\iChallenge_AMD_OD_Fovea_lesions\Disc_Masks\N0020.bmp;val
C:\Users\Prinzessin\projects\image_data\iChallenge_AMD_OD_Fovea_lesions\images_non-AMD\N0246.jpg;C:\Users\Prinzessin\projects\image_data\iChallenge_AMD_OD_Fovea_lesions\Disc_Masks\N0246.bmp;val
C:\Users\Prinzessin\projects\image_data\iChallenge_AMD_OD_Fovea_lesions\images_non-AMD\N0111.jpg;C:\Users\Prinzessin\projects\image_data\iChallenge_AMD_OD_Fovea_lesions\Disc_Masks\N0111.bmp;val
C:\Users\Prinzessin\projects\image_data\iChallenge_AMD_OD_Fovea_lesions\images_non-AMD\N0094.jpg;C:\Users\Prinzessin\projects\image_data\iChallenge_AMD_OD_Fovea_lesions\Disc_Masks\N0094.bmp;val
